content,brand,model,score,sentiment_original,neg,neu,pos,compound,sentiment_vader
"MaÅ‚y, wÄ…ski, oddaÅ‚em do sklepu, mogÅ‚em, bo zamÃ³wiÅ‚em przez internet. WolaÅ‚em doÅ‚oÅ¼yÄ‡ 600 zÅ‚ i kupiÄ‡ iPhone 12, ktÃ³ry ma wiÄ™kszy ekran, a dodam, Å¼e ja uÅ¼ywaÅ‚em poprzedniego iPhone 7 przez 3,5 roku, wiÄ™c w moim przypadku decyzja jest na min. 3 lata lub dÅ‚uÅ¼ej i teraz jestem zadowolony. Polecam iPhone 12 z wiÄ™kszym ekranem 6.1 cala :)",Apple,iPhone12â€ŒPro256GB(niebieski),10,N,0.0,0.95,0.05,0.4588,P
I do not recommend Buy from this store. The iPhone is not original. There are many technical problems that have been returned and now in maintenance.,Apple,iPhone12â€ŒPro256GB(niebieski),10,N,0.227,0.773,0.0,-0.6977,N
"Telefon nie chciaÅ‚ siÄ™ wÅ‚Ä…czyÄ‡, udaÅ‚o siÄ™ to za pomocÄ… podÅ‚Ä…czenia do komputera. Sam telefon po dwÃ³ch dniach zaczÄ…Å‚ siÄ™ grzaÄ‡ i wyÅ‚Ä…czaÄ‡ bez moÅ¼liwoÅ›ci wÅ‚Ä…czenia. Telefon zostaÅ‚ wysÅ‚any do sprzedawcy, a firma wysÅ‚aÅ‚a go do serwisu z naprawa. JuÅ¼ 3 tydzieÅ„ czekam na telefon, wszystkiego trzeba dowiadywaÄ‡ siÄ™ samemu, sprzedawca nie wykazuje zainteresowania tym tematem. Nie polecam nikomu lepiej doÅ‚oÅ¼yÄ‡ trochÄ™ i mieÄ‡ dobry telefon.Zobaczymy jak to siÄ™ zakoÅ„czy narazie nie mam kasy ani telefonu.",Apple,iPhone12â€ŒPro256GB(niebieski),20,N,0.046,0.954,0.0,-0.5574,N
"Czekacie na mojÄ… opiniÄ™.
A ja od 17 marca czekam na wysyÅ‚kÄ™.
DziÅ› ( 22 marca) dowiadujÄ™ siÄ™ , Å¼e macie towar i wysyÅ‚acie.
Kpina. ZapÅ‚acone w dniu zamÃ³wienia!!!!!!!!!!!!!!!!!!!!!!!!!!!!!!!!!!!!!!!!!!!!
Ostatnie raz u was. 
PÃ³jdÄ™ do Media Markt i kupiÄ™ od rÄ™ki w tym samym dniu.
pozdrawiam",Apple,iPhone12â€ŒPro256GB(niebieski),20,N,0.0,1.0,0.0,0.0,P
"Produkt ok tylko sklep wysyÅ‚a telefon za prawie 6 tys kurierem ktÃ³ry rzuciÅ‚ telefon na beton posesji bez Å¼adnego potwierdzenia trochÄ™ to sÅ‚abe zwÅ‚aszcza ze nie byÅ‚ zabezpieczony, dobrze ze widziaÅ‚em to z okna, bo zabraÄ‡ paczkÄ™ mÃ³gÅ‚ kaÅ¼dy z ulicy, a wystarczyÅ‚o wysÅ‚aÄ‡ za potwierdzeniem odbioru raczej juÅ¼ nic tutaj nie kupiÄ™",Apple,iPhone12â€ŒPro256GB(niebieski),40,N,0.0,0.959,0.041,0.296,P
Tel ogÃ³lnie ok ale nie za taka cenÄ™ . Nie kupiÅ‚ bym ponownie przesiadÅ‚em siÄ™ z iPhone 7 plus i Å¼aÅ‚uje. Tel jest mniejszy i bateria jest sÅ‚abiutka nic szczegÃ³lnego.,Apple,iPhone12â€ŒPro256GB(niebieski),40,N,0.0,0.929,0.071,0.296,P
"Niestety ale zawiodÅ‚am siÄ™ na maxa .. zamÃ³wiÅ‚am dwa telefony o wartoÅ›ci okoÅ‚o 12 tys , a towar byÅ‚ tak byle jak zapakowany Å¼adnej naklejki â€ nie rzucaÄ‡ â€ nic . OwiniÄ™te raz folia bÄ…belkowÄ… i folia z firmy kurierskiej DPD . MaÅ‚o tego dostaÅ‚am jeden telefon z uszkodzeniem fabrycznym .",Apple,iPhone12â€ŒPro256GB(niebieski),60,P,0.0,1.0,0.0,0.0,P
DziaÅ‚a jak to iphone. W pozycji horyzontalnej nie rozpoznaje twarzy! Brak prostego sposobu wyÅ‚Ä…czania - wiecznie chodzi wiÄ™c i bateria szybciej padnie. Brak czytnika linii papilarnych wiÄ™c jak jesteÅ› w masce to pozostaje wklepanie kodu PIN!. Waga i wymiary cegÅ‚y z ostrymi kantami wiÄ™c bez etui nosiÄ‡ w kieszeni siÄ™ nie da. Lepiej kupiÄ‡ 13 mini mimo braku obiektywu 2x i mniejszej baterii. Cena za dodatkowÄ… pamiÄ™Ä‡ jest absurdalna. Jak ktoÅ› nie jest przyzwyczajony do jabÅ‚uszka i maÅ‚ego telefonu kupi androidowy odpowiednik za 1/3 ceny.,Apple,iPhone12â€ŒPro256GB(niebieski),70,P,0.0,1.0,0.0,0.0,P
"JakoÅ›Ä‡ wykonania dobra, chyba proces przeniesienia zawartoÅ›ci starego Iphona na nowy jest zawodny bo po jego wykonaniu zgodnie z wyÅ›wietlana instrukcja tel siÄ™ zawiesiÅ‚ i trzeba byÅ‚o resetowaÄ‡ do ustawieÅ„ fabrycznych",Apple,iPhone12â€ŒPro256GB(niebieski),70,P,0.107,0.893,0.0,-0.5574,N
"Przesiadlem sie z 11 Pro Max na 12 Pro Max i mowiac szczerze zadna roznica!! Nic nowego poza tym, ze 11 mial lepiej trzymajaca baterie!!",Apple,iPhone12â€ŒPro256GB(niebieski),70,P,0.0,1.0,0.0,0.0,P
DziaÅ‚a! :) I to bardzo dobrze :),Apple,iPhone12â€ŒPro256GB(niebieski),70,P,0.0,0.443,0.557,0.7424,P
Za krÃ³tki czas aby mÃ³c oceniÄ‡,Apple,iPhone12â€ŒPro256GB(niebieski),70,P,0.0,1.0,0.0,0.0,P
za takÄ… cenÄ™ sÅ‚aba kamerka,Apple,iPhone12â€ŒPro256GB(niebieski),70,P,0.0,1.0,0.0,0.0,P
"GÅ‚Ã³wnym kryterium wyboru tego telefonu byÅ‚ rozmiar i tu siÄ™ nie rozczarowaÅ‚em jest idealnie.
JakoÅ›Ä‡ wykonania i spasowania idealna z zastrzeÅ¼eniem Å¼e telefon jest Å›liski (bez etui dla mnie nieuÅ¼ywalny).
Na koÅ„cu oceniÄ™ system iOS. Dla mnie jako osoby uÅ¼ywajÄ…cej dotychczas androida i windowsa system iOS jest uÅ‚omny.
MoÅ¼e za krÃ³tko (dwa tygodnie) go uÅ¼ywam i siÄ™ po pewnym przekonam do iOS, ale na dzieÅ„ dzisiejszy jednÄ… gwiazdkÄ™ odejmuje za system.
Gdyby byÅ‚ na nim android to byÅ‚by dla mnie ideaÅ‚.

ps.
ZapomniaÅ‚em wspomnieÄ‡ o baterii, jak na tÄ… pojemnoÅ›Ä‡ jest bardzo dobrze. Przy moim uÅ¼ytkowaniu niewiele ustÄ™puje Pixelowi 2XL ktÃ³rego dotychczas uÅ¼ytkowaÅ‚em.",Apple,iPhone12â€ŒPro256GB(niebieski),80,P,0.034,0.966,0.0,-0.5574,N
"Dobry telefon, robi fantastyczne zdjÄ™cia w nocy. Jest szybki",Apple,iPhone12â€ŒPro256GB(niebieski),80,P,0.0,1.0,0.0,0.0,P
"Telefon jak telefon. Dla siebie bym go nie kupiÅ‚, bo w tych cenach znalazÅ‚bym duÅ¼o fajniejszego flagowca innej marki, o duÅ¼o lepszych parametrach. Co najmniej 30% jest tu opÅ‚aty za jabÅ‚uszko. CÃ³rka sobie chwali i dla mnie to jest najwaÅ¼niejsze.",Apple,iPhone12â€ŒPro256GB(niebieski),80,P,0.0,1.0,0.0,0.0,P
"Jest dobrze ale nie idealnie, po przejÅ›cie z Androida brakuje kilku opcji np zamkniÄ™cia wszystkich appek w tle jednym przyciskiem",Apple,iPhone12â€ŒPro256GB(niebieski),80,P,0.15,0.75,0.1,-0.296,N
"ZamÃ³wiÅ‚am we wtorek, w czwartek juÅ¼ byÅ‚a przesyÅ‚ka. Jedyny minus za zapakowanie pudeÅ‚ka z telefonem tylko w kawaÅ‚ek kartonu.",Apple,iPhone12â€ŒPro256GB(niebieski),80,P,0.0,1.0,0.0,0.0,P
"wysokiej jakosci ekran, szybkosc pracy, pracuje na jednej baterii przy moich potrzebach dwa dni",Apple,iPhone12â€ŒPro256GB(niebieski),80,P,0.0,1.0,0.0,0.0,P
"Za szybko by ocenic, ale skok z iPhone 8 na mini 12 hest odczuwalny",Apple,iPhone12â€ŒPro256GB(niebieski),80,P,0.0,1.0,0.0,0.0,P
"Jedynymi minusami to waga iphona, no i czas pracy baterii.",Apple,iPhone12â€ŒPro256GB(niebieski),80,P,0.196,0.804,0.0,-0.296,N
Wszytsko pieknie Å‚adnie ale brak Å‚adowarki tylko kabel :(,Apple,iPhone12â€ŒPro256GB(niebieski),80,P,0.266,0.734,0.0,-0.4404,N
"Åšwietny telefon, tylko bateria trochÄ™ mnie zawiodÅ‚a.",Apple,iPhone12â€ŒPro256GB(niebieski),80,P,0.0,1.0,0.0,0.0,P
Super produkt jakiego sie spodziewaÅ‚em pi tej marce,Apple,iPhone12â€ŒPro256GB(niebieski),80,P,0.0,0.642,0.358,0.5994,P
"Super jakoÅ›Ä‡ i bardzo dobry soft, minus to bateria",Apple,iPhone12â€ŒPro256GB(niebieski),80,P,0.0,0.672,0.328,0.5994,P
"Wysoka jakoÅ›Ä‡ wykonania, dobre wymiary poreczne",Apple,iPhone12â€ŒPro256GB(niebieski),80,P,0.0,1.0,0.0,0.0,P
Jest ok. Nie duza roznica wzgledem 11 pro.,Apple,iPhone12â€ŒPro256GB(niebieski),80,P,0.0,1.0,0.0,0.0,P
Brak rÃ³Å¼nicy miÄ™dzy 11 a 12 praktycznie,Apple,iPhone12â€ŒPro256GB(niebieski),80,P,0.0,1.0,0.0,0.0,P
"Telefon jak telefon, jest spoko.",Apple,iPhone12â€ŒPro256GB(niebieski),80,P,0.0,1.0,0.0,0.0,P
Zadowoleni jesteÅ›my :),Apple,iPhone12â€ŒPro256GB(niebieski),90,P,0.0,0.4,0.6,0.4588,P
Niezawodny.,Apple,iPhone12â€ŒPro256GB(niebieski),90,P,0.0,1.0,0.0,0.0,P
"Telefon sprzÄ™towo znakomicie. Kolor biaÅ‚y jest przyjemny taki offwhite a srebrna ramka Å‚apie delikatnÄ… poÅ›wiatÄ™ zÅ‚ota/miedzi ale moÅ¼e to zÅ‚udzenie. W koÅ„cu iPhone ktÃ³ry ma gabaryty ponownie pozwalajÄ…ce na obÅ‚uge jednÄ… rÄ™kÄ…. Po przesiadce z wiÄ™kszego ekran potrzeba chwilÄ™ aby nie przyzwyczaiÄ‡. Design, wykonanie jak zawsze na wysokim poziomie. Niewielki minus za nieco sÅ‚abÄ… bateriÄ™",Apple,iPhone12â€ŒPro256GB(niebieski),90,P,0.062,0.938,0.0,-0.5574,N
"WyglÄ…d i wykonanie fenomenalne. Jest bardzo porÄ™czny, moÅ¼na obsÅ‚ugiwaÄ‡ jednÄ… rÄ™kÄ…. Jedyne czego mi brakuje w tych pandemicznych czasach to brak odblokowywania na odcisk palca (dlatego ocena 4.5). Podejrzewam, Å¼e w normalnych okolicznoÅ›ciach nie byÅ‚oby to absolutnie problemem, poniewaÅ¼ FaceID dziaÅ‚a szybko, moÅ¼e nawet szybciej niÅ¼ odcisk palca.",Apple,iPhone12â€ŒPro256GB(niebieski),90,P,0.0,1.0,0.0,0.0,P
"Jestem bardzo zadowolony z zakupu i nie mam zanadrzu do czego siÄ™ czepiaÄ‡. WyglÄ…d oceniam jako dobry tak samo system oceniam na bardzo dobry uÅ¼ywam telefonu od 2 miesiÄ™cy.
Jedyny minus to brak Å‚adowarki w zestawie ale poza tÄ… dziwnÄ… politykÄ… jest naprawdÄ™ dobrze.",Apple,iPhone12â€ŒPro256GB(niebieski),90,P,0.0,1.0,0.0,0.0,P
"Åšwietny telefon, maÅ‚y, porÄ™czny i wygodny. Nie jest to mÃ³j pierwszy iPhone i obawiaÅ‚am siÄ™, Å¼e przy tych gabarytach bateria wypadnie fatalnie. Jestem pozytywnie zaskoczona. Wytrzymuje stosownie, Å‚aduje siÄ™ bardzo szybko. Polecam, kolor czerwony wyglÄ…da super",Apple,iPhone12â€ŒPro256GB(niebieski),90,P,0.0,0.9,0.1,0.5994,P
"iPhone 12 pro max, juÅ¼ od wielu lat uÅ¼ywam iPhone poczÄ…wszy od iPhone 4. WiÄ™c wybÃ³r mÃ³j byÅ‚ Å›wiadomy. iPhone 12 pro max to Å›wietne urzÄ…dzenie i nie zawodne. Jest szybki nie zawodny i piÄ™kny. UÅ¼ywanie go to sama przyjemnoÅ›Ä‡. Nie zdecydowanym gorÄ…co polecam!!!",Apple,iPhone12â€ŒPro256GB(niebieski),90,P,0.0,1.0,0.0,0.0,P
"Kolor Å›liczny, kolosalna rÃ³Å¼nica miÄ™dzy dotychczas uÅ¼ywanym Samsungiem a iPhonem. Nie poznaÅ‚am go jeszcze , wszystkich zalet ale Å›miga jak bÅ‚yskawica",Apple,iPhone12â€ŒPro256GB(niebieski),90,P,0.0,1.0,0.0,0.0,P
"Idealny, Å›miga Å›wietnie. Åšwietne zdjÄ™cia fajny design nawiÄ…zujÄ…cy do iPhone 5. Rewelacyjne naprawdÄ™. Jedyny minus to brak kostki do Å‚adowary",Apple,iPhone12â€ŒPro256GB(niebieski),90,P,0.0,1.0,0.0,0.0,P
"Wykonanie OK. FunkcjonalnoÅ›Ä‡ i Å‚atwoÅ›Ä‡ obsÅ‚ugi - typowe dla Apple`a. Czas pracy na baterii - max. 1,5 dnia.",Apple,iPhone12â€ŒPro256GB(niebieski),90,P,0.0,1.0,0.0,0.0,P
NiektÃ³re rzeczy bardzo mocno ograniczone w porÃ³wnaniu do Androida ale myÅ›lÄ™ Å¼e to tylko kwestia przyzwyczajenia.. (Mam nadzieje :D),Apple,iPhone12â€ŒPro256GB(niebieski),90,P,0.0,1.0,0.0,0.0,P
"wszystko super ale ceramic shield to lipa, moÅ¼e i lepiej wytrzymuje uderzenia ale na zarysowania kompletnie nie jest odporny",Apple,iPhone12â€ŒPro256GB(niebieski),90,P,0.0,0.822,0.178,0.5994,P
Telefon super ale pierwsze uruchomienie i aktualizacja oprogramowania to poraÅ¼ka o strata 3 godz. W moim przypadku :(,Apple,iPhone12â€ŒPro256GB(niebieski),90,P,0.127,0.702,0.171,0.25,P
"Przesiadka z androida, czas pokaÅ¼e.uÅ¼ytkuje intensywnie, wiec wszystko wyjdzie. Narazie jest ok, wszystko pasuje.",Apple,iPhone12â€ŒPro256GB(niebieski),90,P,0.0,1.0,0.0,0.0,P
"klasa sama dla siebie, mogÅ‚aby jeszzce trochÄ™ dÅ‚uÅ¼ej trzymaÄ‡ bateria (dlatego odejmujÄ™ pÃ³Å‚ gwiazdki)",Apple,iPhone12â€ŒPro256GB(niebieski),90,P,0.0,1.0,0.0,0.0,P
"W ujÄ™ciu ogÃ³lnym produkt bardzo dobry, speÅ‚ni oczekiwania kaÅ¼dego kto potrzebuje telefonu maÅ‚ego.",Apple,iPhone12â€ŒPro256GB(niebieski),90,P,0.0,1.0,0.0,0.0,P
"Za wczesnie na ocene na razie wyglada bardzo dobrze, brak USB C ale to pewnie pojawi sie w 13",Apple,iPhone12â€ŒPro256GB(niebieski),90,P,0.0,1.0,0.0,0.0,P
Genialny aparat albo aparaty - moÅ¼na robiÄ‡ zdjÄ™cia makro i mikro. Jestem zachwycona!,Apple,iPhone12â€ŒPro256GB(niebieski),90,P,0.0,1.0,0.0,0.0,P
"Å›wietnie wykonany, super zoptymalizowany system, dobrze trzymajÄ…ca bateria.",Apple,iPhone12â€ŒPro256GB(niebieski),90,P,0.0,0.642,0.358,0.5994,P
Super telefon â˜ºï¸ Do rozmiaru bardzo szybko siÄ™ przyzwyczaiÅ‚am,Apple,iPhone12â€ŒPro256GB(niebieski),90,P,0.0,0.537,0.463,0.7845,P
"Bardzo dobry, porÃ³wnywalny z innymi modelami iPhone ;)",Apple,iPhone12â€ŒPro256GB(niebieski),90,P,0.0,0.787,0.213,0.2263,P
Telefon super. CÃ³rka zadowolona. Bardzo udany zakup,Apple,iPhone12â€ŒPro256GB(niebieski),90,P,0.0,0.606,0.394,0.5994,P
"super telefon , bateria trzyma piÄ™knie , elegancki",Apple,iPhone12â€ŒPro256GB(niebieski),90,P,0.0,0.642,0.358,0.5994,P
"Jak zawsze dopracowany na maxa, bardzo dobry aparat",Apple,iPhone12â€ŒPro256GB(niebieski),90,P,0.0,1.0,0.0,0.0,P
Najlepszy na rynku. Niezawodny.DoskonaÅ‚y do pracy.,Apple,iPhone12â€ŒPro256GB(niebieski),90,P,0.0,1.0,0.0,0.0,P
"polecam 100%, najlepszy telefon w tym rozmiarze",Apple,iPhone12â€ŒPro256GB(niebieski),90,P,0.0,1.0,0.0,0.0,P
Wszystko na najwyÅ¼szym poziomie Å‚atwa obsÅ‚uga,Apple,iPhone12â€ŒPro256GB(niebieski),90,P,0.0,1.0,0.0,0.0,P
Jak to Iphoneâ€¦ Å›wietna jakoÅ›Ä‡ za wysokÄ… cenÄ™,Apple,iPhone12â€ŒPro256GB(niebieski),90,P,0.0,1.0,0.0,0.0,P
To mÃ³j pierwszy iPhone juÅ¼ siÄ™ zakochaÅ‚am,Apple,iPhone12â€ŒPro256GB(niebieski),90,P,0.0,1.0,0.0,0.0,P
Åšwietny! Najlepszy IPhone jaki posiadaÅ‚em!,Apple,iPhone12â€ŒPro256GB(niebieski),90,P,0.0,1.0,0.0,0.0,P
Super telefon. Polecam dla fanÃ³w Apple.,Apple,iPhone12â€ŒPro256GB(niebieski),90,P,0.0,0.562,0.438,0.5994,P
CÃ³rka zachwycona wiÄ™c ja teÅ¼ polecam,Apple,iPhone12â€ŒPro256GB(niebieski),90,P,0.0,1.0,0.0,0.0,P
Za krÃ³tko go posiadam Å¼eby go oceniaÄ‡,Apple,iPhone12â€ŒPro256GB(niebieski),90,P,0.0,1.0,0.0,0.0,P
Wysoka jakoÅ›Ä‡. Szybkie dziaÅ‚anie.,Apple,iPhone12â€ŒPro256GB(niebieski),90,P,0.0,1.0,0.0,0.0,P
"Zgodnie z oczekiwaniami,b.dobrze.",Apple,iPhone12â€ŒPro256GB(niebieski),90,P,0.0,1.0,0.0,0.0,P
Najlepszy telefon jaki miaÅ‚em.,Apple,iPhone12â€ŒPro256GB(niebieski),90,P,0.0,1.0,0.0,0.0,P
"Rewelacyjny produkt, polecam",Apple,iPhone12â€ŒPro256GB(niebieski),90,P,0.0,1.0,0.0,0.0,P
Nie mam Å¼adnych zastrzeÅ¼eÅ„.,Apple,iPhone12â€ŒPro256GB(niebieski),90,P,0.0,1.0,0.0,0.0,P
Wykonany jak to iphone super,Apple,iPhone12â€ŒPro256GB(niebieski),90,P,0.0,0.506,0.494,0.5994,P
"Bardzo szybka Wysylka produkty, zamÃ³wiÅ‚em o godzinie 16 popoÅ‚udniu a rano miaÅ‚em telefon na miejscu. 
Polecam Polecam! :)",Apple,iPhone12â€ŒPro256GB(niebieski),100,P,0.0,0.838,0.162,0.5093,P
Niewielki smartfon dobrze trzymajÄ…cy siÄ™ w rÄ™ce i nie zajmujÄ…cy duÅ¼o miejsca w kieszeni. Bardzo pÅ‚ynna praca i Å‚atwoÅ›Ä‡ w przenoszeniu danych ze starszej wersji iPhone (uprzednio posiadaÅ‚em siÃ³demkÄ™). No i jeszcze Å‚adowanie indukcyjne. WÅ‚aÅ›nie takiego czegoÅ› szukaÅ‚em.,Apple,iPhone12â€ŒPro256GB(niebieski),100,P,0.056,0.944,0.0,-0.296,N
Super pod kaÅ¼dym wzglÄ™dem.,Apple,iPhone12â€ŒPro256GB(niebieski),100,P,0.0,0.435,0.565,0.5994,P
"PrzeszedÅ‚em z androida, gÅ‚Ã³wnie ze wzglÄ™du na rozmiar telefonu, ktÃ³ry przy rozmiarach nie przypominajÄ…cych paletki do Ping ponga jest topowy i wodoodporny co byÅ‚o priorytetem. UÅ¼ywam go od niecaÅ‚ych dwÃ³ch tygodni i na razie nie mogÄ™ powiedzieÄ‡ zÅ‚ego sÅ‚owa. Co do braku ladowarki to jest oczywiÅ›cie minus ale kupiÅ‚em dwu portowÄ… Å‚adowarkÄ™ green cella i jestem mega zadowolony, polecam.",Apple,iPhone12â€ŒPro256GB(niebieski),100,P,0.0,1.0,0.0,0.0,P
"Ani trochÄ™ nie Å¼aÅ‚ujÄ™ zakupu. Od wielu lat staÅ‚y klient marki Apple. Najbardziej zadowolony jestem z funkcjonalnoÅ›ci aparatÃ³w i doÅ›Ä‡ wytrzymaÅ‚ej baterii, a na tym najbardziej mi zaleÅ¼aÅ‚o. No i oczywiÅ›cie rozdzielczoÅ›Ä‡ ekranu - na poczÄ…tku wydawaÅ‚ siÄ™ za duÅ¼y, ale po czasie uÅ¼ytkowania jest w sam raz. Polecam!",Apple,iPhone12â€ŒPro256GB(niebieski),100,P,0.115,0.885,0.0,-0.7263,N
"Od czasÃ³w samsunga S3 zawsze miaÅ‚em andrioda, zakoÅ„czyÅ‚em na huwawei P30Pro. Moja pierwsza przesiadka na iPhone czyli start od iPhone 12. Nie wiem jak siÄ™ spisuje w porÃ³wnaniu z wczeÅ›niejszymi iPhonami. Po 2 dniach stwierdzam ze telefon jest super. Bateria trzyma 1 peÅ‚en dzieÅ„ ciÄ…gÅ‚ej zabawy, wiec to samo co 4600mAh na andriodzie. Podoba mi siÄ™ wyglÄ…d, szybkoÅ›Ä‡ dziaÅ‚ania rewelacyjna, wyÅ›wietlacz na najwyÅ¼szym poziomie, zdjÄ™cia robi ok, pÅ‚atnoÅ›ci NFC ok, Face ID super ale w czasach ZORRO brakuje mi trochÄ™ odcisku palca, zaczynam siÄ™ przyzwyczajaÄ‡ do OBSLUGI . Telefon jest Å‚atwy w obsÅ‚udze mimo ze wydawaÅ‚o mi siÄ™ ze bÄ™dzie trudniej. MogÄ™ poleciÄ‡ nawet zatwardziaÅ‚ym androidowca do ktÃ³rych naleÅ¼aÅ‚em :). Jestem bardzo zadowolony, cena iPhone 12 jest wysoka, czy iPhone 12 jest jej warty ?  Tak...
Ps: moja kobieta chce siÄ™ zamieniÄ‡ za Samsona s20 hehehe.",Apple,iPhone12â€ŒPro256GB(niebieski),100,P,0.054,0.893,0.053,-0.0601,N
"jak za 3300, to bardzo spoko telefon. WspaniaÅ‚e gÅ‚oÅ›niki, caÅ‚kiem w porzÄ…dku tryb nocny oraz masa fajnych funkcji, ktÃ³rych nie ma w androidzie",Apple,iPhone12â€ŒPro256GB(niebieski),100,P,0.0,1.0,0.0,0.0,P
Super produkt! Produkt Roku! Jestem zachwycony - takie maÅ‚a a cieszy ;-P,Apple,iPhone12â€ŒPro256GB(niebieski),100,P,0.0,0.71,0.29,0.6688,P
"Jak to iPhone... rewelacja! MiaÅ‚am 6s, 8 Plus, X, 11 i z obecnÄ… 12 pro z pewnoÅ›ciÄ… zostanÄ™ na dÅ‚uÅ¼ej.",Apple,iPhone12â€ŒPro256GB(niebieski),100,P,0.0,1.0,0.0,0.0,P
"Robi wraÅ¼enie, dopracowany w kaÅ¼dym calu od opakowania przez folie zabezpieczenia wszystko wyglada perfekcyjnie. Telefon mistrzostwo",Apple,iPhone12â€ŒPro256GB(niebieski),100,P,0.0,1.0,0.0,0.0,P
"Ten kto nie miaÅ‚ nigdy telefonu Apple - to i tak nie zrozumie. Po prostu najlepszy moÅ¼liwy telefon na Å›wiecie. PÅ‚ynne dziaÅ‚anie systemu, doskonaÅ‚e zdjÄ™cia i mnÃ³stwo mikro uÅ‚atwieÅ„ w codziennym uÅ¼ytkowaniu. Takie rzeczy jak, bierzesz telefon do rÄ™ki a on od razu siÄ™ wÅ‚Ä…cza i odblokowuje (FaceID). Logujesz siÄ™ do banku bez szukania czytnika linii papilarnych i zbÄ™dnej zwÅ‚oki (znowu FaceID). Dotykasz dwa razy pleckÃ³w telefonu i robi np. zrzut ekranu. Wiele, wiele tego typu smaczkÃ³w (skrÃ³ty), wbudowana aplikacja do obrÃ³bki zdjÄ™Ä‡ prawie jak Lightroom. Niesamowita, niespotykana jakoÅ›Ä‡ nagraÅ„ video w trybie Dolby Vision - ten kto tego nie oglÄ…dnÄ…Å‚ na np. TV Oled (LG C9) to nie wie jakie moÅ¼liwoÅ›ci ma ten telefon. Po prostu bajka. Funkcja AR (skaner LidaR) jeszcze nie raz zaskoczy - oglÄ…danie ludzkiego ciaÅ‚a z kaÅ¼dej strony, stojÄ…cego na Å›rodku Twojego pokoju, rewelacja, mierzenie co do dziesiÄ…tej centymetra za pomocÄ… aplikacji Miarka. Najlepszy wyÅ›wietlacz jaki wbudowano w telefon - poczytajcie profesjonalne recenzje. Po prostu sprzÄ™t wart swojej ceny i tyle. Np. wiecie, Å¼e procesor A14Bionic jest szybszy od Waszych intel i7 w komputerach?>",Apple,iPhone12â€ŒPro256GB(niebieski),100,P,0.058,0.932,0.011,-0.8689,N
"KupujÄ…c go wiedziaÅ‚am ze bÄ™dzie maÅ‚y jednak 5,4 ekran wyobraÅ¼aÅ‚am sobie ciut wiÄ™kszy :) 
pierwsze wraÅ¼enie po otwarciu pudeÅ‚ka eee ale co to zabawka dla dziecka? 
No i odrazu wÄ…tpliwoÅ›Ä‡ czy za taki pieniÄ…dz warto byÅ‚o. 
Potem pierwsza zabawa i wyszukiwanie wad:
- pisali ze ekran nie dziaÅ‚a idealnie (jak ktoÅ› zainteresowany to wie o czym pisze) jak leÅ¼y na pÅ‚asko no tak nie dziaÅ‚a ale po co komu wÅ‚Ä…czaÄ‡ latarkÄ™ jak telefon leÅ¼y.... poza tym juÅ¼ jest aktualizacja i mogÄ™ sobie swieci w blat ;)
- ekran jakiÅ› Å¼Ã³Å‚ty hmm no jest inny ale tylko jak siÄ™ poÅ‚oÅ¼y go obok innego modelu przy normalnym uÅ¼ytkowaniu nie widaÄ‡, 
- bateria ojej bÄ™dzie bardzo sÅ‚aba ... no moÅ¼e potwÃ³r mocy to nie jest ale da siÄ™ z niÄ… Å¼yÄ‡ teraz chyba wiÄ™kszoÅ›Ä‡ telefonÃ³w dziaÅ‚a nie za dÅ‚ugo na jednym ladowaniu.
Zalety:
- genialne zdjÄ™cia ... nie wiem o co chodzi z tymi pikselami bo ten telefon ma ich niby tylko 12 ale foty wychodzÄ… o nibo lepiej od telefonu konkurencji z 48 pikselami
- wygoda uÅ¼ytkowania... telefonik leÅ¼y idealnie w rÄ™ku, rÄ™kÄ… nie boli, na palcu nic siÄ™ nie odciska od trzymania, nie ma uczucia ze siÄ™ wyÅ›liÅºnie z rÄ™ki
- ekran lany wyraÅºny.
Telefon polecam raczej kobiecie ze wzglÄ™du na rozmiar i sobie ktÃ³ra jest pewna ze dogada siÄ™ z takim maluchem. Nie do koÅ„ca jestem przekonana czy ktoÅ› kto posiada telefon z ekranem wielkoÅ›ci okol 6 bÄ™dzie potrafiÅ‚ rozmawiaÄ‡ z tym maleÅ„stwem bo jednak jest juÅ¼ przyzwyczajony do innych norm. Jednak jeÅ¼eli ktoÅ› przesiada siÄ™ z modelu 6,7,8 myÅ›lÄ™ ze pokocha MINI. Ja w ogÃ³lnym podsumowaniu jestem nim zachwycona i myÅ›lÄ™ ze bÄ™dzie to mÃ³j ulubiony telefon (ost. aÅ¼ tak zachwycona byÅ‚am 4)",Apple,iPhone12â€ŒPro256GB(niebieski),100,P,0.054,0.93,0.017,-0.8779,N
"DuÅ¼o czytaÅ‚em na temat modelu na ktÃ³ry siÄ™ zdecydowaÅ‚em IPhone 12 . Recenzji sporo przejrzaÅ‚em a i nawet opinie czytaÅ‚em gdzie siÄ™ da. Powiem tak z wyboru jestem zadowolony. System w IPhonie chodzi pÅ‚ynnie zdjÄ™cia mi osobiÅ›cie siÄ™ bardzo podobajÄ…, tryb w nocy dziaÅ‚a super. NakrÄ™cenie filmu tym telefonem teÅ¼ pozwala uzyskaÄ‡ bardzo dobrÄ… jakoÅ›Ä‡ jak na moje potrzeby. Bateria i tego siÄ™ baÅ‚em najbardziej ale podnoszÄ…c telefon z Å‚adowarki w wtorek rano o 8 czwartek 23:00 jeszcze 22% na nim jest . TakÅ¼e Polecam. WybraÅ‚em czerwony kolor i mnie siÄ™ bardzo podoba . Nie Å¼aÅ‚uje zakupu z pewnoÅ›ciÄ… bym wybraÅ‚ ten model powtÃ³rnie :)",Apple,iPhone12â€ŒPro256GB(niebieski),100,P,0.0,0.937,0.063,0.7845,P
"Everything was ok, fast delivery, goods not damaged, packed well. Good price and quality, super ğŸ‘ğŸ»",Apple,iPhone12â€ŒPro256GB(niebieski),100,P,0.067,0.592,0.341,0.8122,P
"Super, ""przesiadka"" z iPhone 8 na to cudo to jak skok na drugÄ… stronÄ™ planety. Sprwniejszy i szybszy interfejs, optymalne funkcje. GÅ‚Ä™ia kolorÃ³w i jakoÅ› odsÅ‚uchu, dÅºwiÄ™ku zarÃ³wno w rozmowach jak podczas muzyki duÅ¼o lepsza. To dobry wybÃ³r uwaÅ¼am. Kolor niestety nie trafiony. Niebieski jednak nie podoba mi siÄ™, jest taki nijaki :( Bede musiaÅ‚a z nim Å¼yc :) KupiÅ‚am jednak oryginalny skÃ³rzany pokrowiec i od razu prezentuje sie i trzyma w rÄ™ku o wiele lepiej. Bez pokrowca obawiaÅ‚am sie, Å¼e wyÅ›liÅºnie mi siÄ™ z rÄ…k i zbije, bo jest doÅ›Ä‡ cienki i Å›liski z uwagi na zastosowane materiaÅ‚y i rozwiÄ…zania.",Apple,iPhone12â€ŒPro256GB(niebieski),100,P,0.027,0.909,0.064,0.6124,P
"Po 2 tygodniach uÅ¼ywania jestem bardzo zadowolona, jest to mÃ³j pierwszy iPhone i ma super jakoÅ›Ä‡, a jest tak lekki i porÄ™czny. Aparat robi wspaniaÅ‚e zdjÄ™cia, kolory sÄ… Å¼ywe i realistyczne, dÅºwiÄ™k teÅ¼ bardzo dobry, nawet bez gÅ‚oÅ›nika jakoÅ›Ä‡ jest super. Ekran jest mniejszy niÅ¼ miaÅ‚am (wczeÅ›niej 6,1 cala) i to moÅ¼e byÄ‡ plus i minus jedoczeÅ›nie, ale przyzwyczaiÅ‚am siÄ™ do niego po 2 dniach, a za to w koÅ„cu nie wypada mi z rÄ…k, mogÄ™ pisaÄ‡ jednÄ… rÄ™ka, mieÅ›ci siÄ™ w caÅ‚y w kieszeni, polecam osobom z maÅ‚ymi dÅ‚oÅ„mi. ğŸ˜„ I jeszcze poza tym jest bardzo Å‚adnym smartfonem. ğŸ˜ƒ",Apple,iPhone12â€ŒPro256GB(niebieski),100,P,0.058,0.815,0.127,0.8225,P
"Produkt wykonany z myÅ›lÄ… o wymagajÄ…cym uÅ¼ytkowniku. NajwiÄ™ksza zaleta jest przede wszystkim aparat, ktÃ³rym wykonane zdjÄ™cia nie rÃ³Å¼niÄ… siÄ™ od otaczajÄ…cej nas rzeczywistoÅ›ci.",Apple,iPhone12â€ŒPro256GB(niebieski),100,P,0.0,1.0,0.0,0.0,P
"Przeszedlem na 12 pro max z 6s i jestem bardzo zadowolony, wszystko super dziaÅ‚a mega aparat i dÅ‚ugi czas baterii, polecam",Apple,iPhone12â€ŒPro256GB(niebieski),100,P,0.0,0.837,0.163,0.5994,P
Produkt premium bardzo dobrej jakoÅ›ci. Jestem bardzo zadowolony po zmianie z 6,Apple,iPhone12â€ŒPro256GB(niebieski),100,P,0.247,0.753,0.0,-0.5574,N
"Rewelacja !!nigdy nie zmieniÄ™ iPhone na  inny telefon ,",Apple,iPhone12â€ŒPro256GB(niebieski),100,P,0.0,1.0,0.0,0.0,P
"bardzo dobra jakoÅ›Ä‡ wykonania, oryginalny design",Apple,iPhone12â€ŒPro256GB(niebieski),100,P,0.0,1.0,0.0,0.0,P
"To juÅ¼ jest 3 mÃ³j iPhone. Jak z kaÅ¼dego jestem mega zadowolony. Na 12 mini przesiadaÅ‚em siÄ™ z 8. MartwiÅ‚a mnie wielkoÅ›Ä‡ ekranu oraz bateria w tym modelu lecz co do ekranu jest duÅ¼y 5,4 cala, a bateria daje radÄ™ mimo rÃ³Å¼nych opinii. KompaktowoÅ›Ä‡ tego modelu jest zachwycajÄ…ca. iPhone jest porÄ™czny, szybki i bardzo responsywny na dotyk. Aparat to jest coÅ› piÄ™knego. Jak i ten z przodu jaki i te z tylu. Tylnie 2 obiektywy robiÄ… robotÄ™. ZdjÄ™cia sÄ… kosmicznej jakoÅ›ci a tryb nocny naprawdÄ™ daje radÄ™. Polecam",Apple,iPhone12â€ŒPro256GB(niebieski),100,P,0.0,1.0,0.0,0.0,P
Dobry produkt za stosunkowo wysokÄ… cenÄ™.,Apple,iPhone12â€ŒPro256GB(niebieski),100,P,0.0,1.0,0.0,0.0,P
"Rewelacyjny, funkcjonalny, Å‚adny kolor",Apple,iPhone12â€ŒPro256GB(niebieski),100,P,0.0,1.0,0.0,0.0,P
Super!,Apple,iPhone12â€ŒPro256GB(niebieski),100,P,0.0,0.0,1.0,0.636,P
Produkt pierwsza klasa. Szybka dostawa,Apple,iPhone12â€ŒPro256GB(niebieski),100,P,0.0,1.0,0.0,0.0,P
Rewelacja,Apple,iPhone12â€ŒPro256GB(niebieski),100,P,0.0,1.0,0.0,0.0,P
"wykonanie bardzo dobre, jakoÅ›Ä‡ materiaÅ‚Ã³w bardzo dobra, genialny czas pracy na baterii - dawno nie miaÅ‚em smartfona pracujÄ…cego do 2 dni! zdjÄ™cia super, a zwÅ‚aszcza tryb nocny! genialna sprawa z moÅ¼liwoÅ›ciÄ… zrobienia fotek nawet gwiazd (jasne Å¼e trzeba mieÄ‡ odpowiednie miejsce). ObsÅ‚uga taka jak kaÅ¼dego iphone, chociaÅ¼ jednorÄ™cznie to siÄ™ maÅ‚o zrobi :) no ale to jest paletka do pingponga i tyle - za to oglÄ…danie filmÃ³w jest bardzo przyjemne :) twarz rozpoznaje czÄ™sto nawet w maseczce... co mnie nieco zaskoczyÅ‚o :)",Apple,iPhone12â€ŒPro256GB(niebieski),100,P,0.024,0.831,0.145,0.9059,P
super trzyma siÄ™ w dÅ‚oni,Apple,iPhone12â€ŒPro256GB(niebieski),100,P,0.0,0.506,0.494,0.5994,P
Szybko i tanio. POLECAM,Apple,iPhone12â€ŒPro256GB(niebieski),100,P,0.0,1.0,0.0,0.0,P
"Okej telefon, kupiÅ‚em w sklepie Vobis bo miaÅ‚ najtaniej. Teoretycznie zamÃ³wiÅ‚em za kwotÄ™ 2982zl (kwota wyjÅ›ciowa 2999zl; kod z newslettera -20zl; 3zl przesyÅ‚ka pobraniowa) a przy kurierze kwota 2999 zÅ‚. Ja nie mam siÅ‚y siÄ™ szarpaÄ‡ o 17 zÅ‚ jednak zaznaczam Å¼e taka sytuacja miaÅ‚a miejsce. Sam iPhone byÅ‚ dobrze zapakowany, zaplombowany fabrycznie, nigdy nie aktywowany. Co do samego telefonu - dobrze wykonany, szybki, porÄ™czny. Towar z wyÅ¼szej pÃ³Å‚ki wiÄ™c ciÄ™Å¼ko tak szczerze na coÅ› narzekaÄ‡ - za coÅ› pÅ‚acimy.",Apple,iPhone12â€ŒPro256GB(niebieski),100,P,0.0,1.0,0.0,0.0,P
"PoczÄ…tkowo obawiaÅ‚em siÄ™, Å¼e ekran bÄ™dzie zbyt maÅ‚y do codziennego uÅ¼ytkowania - do tej pory korzystaÅ‚em z ekranÃ³w min. 5,7 cala. I faktycznie pierwsze dni spÄ™dziÅ‚em na adaptacji wzroku, literki w niektÃ³rych aplikacjach sÄ… na prawdÄ™ nieduÅ¼e. Po kilku dniach telefonu uÅ¼ywa siÄ™ Å›wietnie - bateria trzyma dwa dni przy normalnym uÅ¼ytkowaniu - portale spoÅ‚ecznoÅ›ciowe, Youtube, telefon. Poza tym, pod spodem ma wszystko to co 'zwykÅ‚y' iPhone 12, czyli szybki procesor, dobry aparat. Polecam.",Apple,iPhone12â€ŒPro256GB(niebieski),100,P,0.047,0.953,0.0,-0.5574,N
ĞÑ‚Ğ»Ğ¸Ñ‡Ğ½Ğ¾Ğµ ĞºĞ°Ñ‡ĞµÑÑ‚Ğ²Ğ¾,Apple,iPhone12â€ŒPro256GB(niebieski),100,P,0.0,1.0,0.0,0.0,P
Every good service system,Apple,iPhone12â€ŒPro256GB(niebieski),100,P,0.0,0.508,0.492,0.4404,P
BArdzo polecam,Apple,iPhone12â€ŒPro256GB(niebieski),100,P,0.0,1.0,0.0,0.0,P
"Åšwietny aparat, piÄ™kny design i dÅ‚ugo trzymajÄ…ca bateria. Jak narazie bez zarzutÃ³w :)",Apple,iPhone12â€ŒPro256GB(niebieski),100,P,0.0,0.8,0.2,0.4588,P
"Najlepszy iPhone jaki kiedykolwiek miaÅ‚em. Jest idealny w uÅ¼ytkowaniu, robi bajeczne zdjÄ™cia, chodzi idealnie pÅ‚ynnie. Ekran bajka, wszystko robiÄ™ jednÄ… rÄ™kÄ…. Bateria trzyma mniej wiÄ™cej tyle, co wszystkie iPhone, ktÃ³re wczeÅ›niej uÅ¼ywaÅ‚em. Czyli jeden dzieÅ„ normalnego uÅ¼ytkowania. Bateria szaÅ‚u nie robi, ale ja w IPhone siÄ™ juÅ¼ przyzwyczaiÅ‚em. Polecam wszystkim z czystym sercem, mam go  miesiÄ…c i Å¼adnej ryski, ekran siÄ™ nie rysuje i jest wytrzymaÅ‚y na upadki. Pozdrawiam.",Apple,iPhone12â€ŒPro256GB(niebieski),100,P,0.0,1.0,0.0,0.0,P
"To byÅ‚o na prezent, ale chyba najnowszy iPhone nie moÅ¼e byÄ‡ kiepski. JakoÅ›ciowo super. System - inny, wcale nie taki intuicyjny jak mÃ³wiÄ…. I to iCloud, dla niektÃ³rych bomba, dla mnie inwazja w prywatnoÅ›Ä‡. WadÄ… jest zdecydowanie cena. Ewidentnie pÅ‚aci siÄ™ za ""jabÅ‚ko"". No ale co bym nie napisaÅ‚ to kupicie ;) JeÅ›li kogoÅ› staÄ‡, to czemu nie sprÃ³bowaÄ‡ ""innego podejÅ›cia""? Zawsze moÅ¼na wrÃ³ciÄ‡ do Androida. Ja mam i nie narzekam. Jak iPhone zrobi rysik do notatek, to kupiÄ™ dla siebie ;)",Apple,iPhone12â€ŒPro256GB(niebieski),100,P,0.025,0.887,0.088,0.6705,P
"MÃ³j pierwszy Iphone po wielu latach z androidem, nie Å¼aÅ‚uje, Jestem mega zadowolony, do pewnych rÃ³Å¼nic wzglÄ™dem android trzeba siÄ™ przyzwyczaiÄ‡ ale to kwestia 2-3 dni, niebawem kupuje kolejnego Iphona dla narzeczonej. Iphone 12 to wydajny telefon, bateria spokojnie wytrzyma dzieÅ„ wiÄ™c to standard, Å›wietna jakoÅ›Ä‡ zdjÄ™Ä‡, nawet nocnych, cudowne gÅ‚oÅ›niki, choÄ‡ muzyki sÅ‚ucham zdecydowanie w sÅ‚uchawkach, mimo to jakoÅ›Ä‡ gÅ‚oÅ›nikÃ³w jest super. Polecam sprÃ³bowaÄ‡ przejÅ›cia na Iphona",Apple,iPhone12â€ŒPro256GB(niebieski),100,P,0.049,0.898,0.053,0.0772,P
"Great product, nice color and very good delivery.",Apple,iPhone12â€ŒPro256GB(niebieski),100,P,0.0,0.331,0.669,0.8777,P
"Bardzo dobry, od lat uÅ¼ywam produktÃ³w tej marki.",Apple,iPhone12â€ŒPro256GB(niebieski),100,P,0.0,1.0,0.0,0.0,P
"Szybka wysyÅ‚ka, polecam sklepğŸ˜",Apple,iPhone12â€ŒPro256GB(niebieski),100,P,0.0,0.7,0.3,0.4588,P
"OsobiÅ›cie nie uÅ¼ywam i prawdopodobnie nigdy nie bÄ™dÄ™ uÅ¼ywaÅ‚ Å¼adnego iPhone z racji duÅ¼o lepszych telefonÃ³w z androidem ale dla osÃ³b zwiÄ…zanych z markÄ…, ceniÄ…cych prostotÄ™ ale z klasÄ…, wysokÄ… jakoÅ›Ä‡ wykonania jak moja Å¼ona, z pewnoÅ›ciÄ… telefon siÄ™ sprawdzi. Jak na razie (7 dzieÅ„ uÅ¼ytkowania) telefon sprawuje siÄ™ Å›wietnie, bateria trzyma bez problemu caÅ‚y dzieÅ„ rozÅ‚adowujÄ…c w rÃ³Å¼nym stopniu co zapewne wynika ze sposobu uÅ¼ytkowania w danym dniu. Mistrzowska jakoÅ›Ä‡ wykonania. TrochÄ™ Å¼enujÄ…cy jest brak Å‚adowarki 20W i sÅ‚uchawek.",Apple,iPhone12â€ŒPro256GB(niebieski),100,P,0.0,1.0,0.0,0.0,P
SpeÅ‚nia nasze oczekiwania,Apple,iPhone12â€ŒPro256GB(niebieski),100,P,0.0,1.0,0.0,0.0,P
Perfekcyjne wykonanie.,Apple,iPhone12â€ŒPro256GB(niebieski),100,P,0.0,1.0,0.0,0.0,P
Super. Polecam,Apple,iPhone12â€ŒPro256GB(niebieski),100,P,0.0,0.204,0.796,0.5994,P
Zadowolony,Apple,iPhone12â€ŒPro256GB(niebieski),100,P,0.0,1.0,0.0,0.0,P
Polecam,Apple,iPhone12â€ŒPro256GB(niebieski),100,P,0.0,1.0,0.0,0.0,P
polecam,Apple,iPhone12â€ŒPro256GB(niebieski),100,P,0.0,1.0,0.0,0.0,P
super,Apple,iPhone12â€ŒPro256GB(niebieski),100,P,0.0,0.0,1.0,0.5994,P
Extra,Apple,iPhone12â€ŒPro256GB(niebieski),100,P,0.0,1.0,0.0,0.0,P
Super,Apple,iPhone12â€ŒPro256GB(niebieski),100,P,0.0,0.0,1.0,0.5994,P
Super,Apple,iPhone12â€ŒPro256GB(niebieski),100,P,0.0,0.0,1.0,0.5994,P
++,Apple,iPhone12â€ŒPro256GB(niebieski),100,P,0.0,1.0,0.0,0.0,P
"maÅ‚y, lekki. Troche dziwi brak czytnika palcÃ³w (np pod ekranem jak u konkurencji) ale FaceID dziaÅ‚a bardzo dobrze.
Na poczÄ…tku razi teÅ¼ gigantyczny notch na gÃ³rze ekranu. Do braku fizycznego przycisku Home Å‚atwo sie przyzwyczaiÄ‡. Sam telefon i system operacyjny dziaÅ‚a wyÅ›mienicie, ale w tej klasie trudno oczekiwaÄ‡ czegoÅ› innego",Apple,iPhone12â€ŒPro256GB(niebieski),100,P,0.0,1.0,0.0,0.0,P
"JakoÅ›Ä‡ wykonania rewelacyjna. Jak dla mnie rozmiar i waga bardzo odpowiednie. Aparat robi bardzo dobre zdjÄ™cia. Ekran Å›wietny, dopasowuje siÄ™ do oÅ›wietlenia, co dobrze wpÅ‚ywa na oczy i ich zmÄ™czenie. Bateria Å‚adowana co 24 godz. Z tym mogÅ‚o by byÄ‡ trochÄ™ lepiej. Podsumowanie jednak na duÅ¼y plus.",Apple,iPhone12â€ŒPro256GB(niebieski),100,P,0.0,1.0,0.0,0.0,P
"WyglÄ…da luksusowo, jak droga biÅ¼uteria, czyli Å›wietnie. DziaÅ‚a niesamowicie szybko (wczeÅ›niej miaÅ‚em iPhone 7 wiÄ™c rÃ³Å¼nica jest kosmiczna). Ekran jest Å›wietny, mimo 60 Hz, i piÄ™knie wypeÅ‚nia powierzchniÄ™ frontu. ObawiaÅ‚em siÄ™, Å¼e bÄ™dzie zbyt wielki ale po tygodniu niechcialbym innej opcji. Dla mnie 10/10.",Apple,iPhone12â€ŒPro256GB(niebieski),100,P,0.077,0.923,0.0,-0.5574,N
"To pierwszy iPhone kupiony jako prezent dla cÃ³rki. Jest zachwycona. PÃ³ki co sprzÄ™t dziaÅ‚a bez zarzutu. Jest starannie wykonany, oferuje rozwiÄ…zania inne niÅ¼ pozostaÅ‚e marki dostÄ™pne na rynku. Moim zdaniem cena mogÅ‚aby byÄ‡ niÅ¼sza choÄ‡by Å¼e wzglÄ™du na fakt, Å¼e nie jest wytwarzany w USA.",Apple,iPhone12â€ŒPro256GB(niebieski),100,P,0.0,1.0,0.0,0.0,P
"CÃ³rka po pierwszym IPhonie nie chciaÅ‚a juÅ¼ Å¼adnych innych. Bardzo zadowolona z tego, Å¼e nie jest wielki jak to jest ostatnio Å¼e smartfonami. Do tego 12 mini nie jest okrojonÄ… wersjÄ… 12, tylko mniejszy i taÅ„szy. Jako pÅ‚atnikowi teÅ¼ to ostatnie mi pasuje.",Apple,iPhone12â€ŒPro256GB(niebieski),100,P,0.079,0.921,0.0,-0.5574,N
Kwestia przyzwyczajenia. JeÅ›li masz SE czy 11Pro to nie kupuj. JeÅ›li koniecznie chcesz sprzet bez fizycznego przycisku to najlepszy wybÃ³r w tej cenie i tej wielkoÅ›ci. ObsÅ‚uga trochÄ™ inna niÅ¼ w starych iPhone'ach szczegÃ³lnie z iOS15. Potem tylko jakieÅ› Pro. Super ze sÄ… kolorowe.,Apple,iPhone12â€ŒPro256GB(niebieski),100,P,0.0,0.917,0.083,0.5994,P
ZaleÅ¼aÅ‚o mi takich gabarytach telefonu i w koÅ„cu siÄ™ ukazaÅ‚. ObsÅ‚ugi nie ma sensu opisywaÄ‡ bo to jak kaÅ¼dy iPhone. Jak dla mnie najwiÄ™ksza zaleta to porÄ™cznoÅ›Ä‡! ObawiaÅ‚em siÄ™ nieco baterii ale w odniesieniu do 8-ki jest poprawa.,Apple,iPhone12â€ŒPro256GB(niebieski),100,P,0.0,1.0,0.0,0.0,P
To byÅ‚o moje pierwsze doÅ›wiadczenie z zakupem fabrycznie odnowionego telefonu i mogÄ™ powiedzieÄ‡ ze moim zdaniem warto. Wszystko od opakowania do telefonu wyglÄ…da tak samo jak z nowiutkim a kosztuje o 1000 zÅ‚ taniej i do tego posiada rocznÄ… gwarancje.,Apple,iPhone12â€ŒPro256GB(niebieski),100,P,0.0,1.0,0.0,0.0,P
Tu nie ma nad czym siÄ™ rozwodziÄ‡. Cena idzie w parze z  niezmiennie wysokÄ… jakoÅ›ciÄ… wykonania i niezawodnoÅ›ciÄ…. Zmiana na nowy model tylko dlatego Å¼e aplikacje przestaÅ‚y siÄ™ staraÄ‡ o wsparcie szÃ³stki a ta dziaÅ‚aÅ‚a bez najnowszego zarzutu od lat.,Apple,iPhone12â€ŒPro256GB(niebieski),100,P,0.0,1.0,0.0,0.0,P
"Mam go dopiero od szeÅ›ciu dni. Jest to mÃ³j pierwszy w Å¼yciu iPhone i pÃ³ki co jestem zachwycony. JakoÅ›Ä‡ wykonania, sprawne dziaÅ‚anie, bateria pÃ³ki co trzyma dÅ‚uÅ¼ej niÅ¼ sÄ…dziÅ‚em po obejrzeniu kilku recenzji. Polecam!",Apple,iPhone12â€ŒPro256GB(niebieski),100,P,0.105,0.895,0.0,-0.5983,N
"ZastanawiaÅ‚eÅ› sieÄ™ czy warto wydaÄ‡ wiÄ™cej pieniÄ™dzy na lepszy telefon? Ja teÅ¼. PodjÄ™cie decyzji o wydatku rzÄ™du kilku tysiÄ™cy szybko przestaÅ‚o mi uwieraÄ‡, kiedy w codziennych zadaniach zaczÄ…Å‚ mi pomagaÄ‡ nowy Apple iPhone 12 Pro Max. Ja polecam.",Apple,iPhone12â€ŒPro256GB(niebieski),100,P,0.0,1.0,0.0,0.0,P
"NajwyÅ¼sza jakoÅ›Ä‡, telefon jest piÄ™kny, zarÃ³wno dla mÄ™Å¼czyzny jak i kobiety. DziaÅ‚anie nie wymaga komentarza - najwyÅ¼sza pÃ³Å‚ka. Czas pracy na baterii 1 intensywny dzieÅ„ wytrzymuje bez problemu, mniej intensywnie do 2 dni. Polecam.",Apple,iPhone12â€ŒPro256GB(niebieski),100,P,0.0,1.0,0.0,0.0,P
"Bardzo dobry, jednakÅ¼e to pierwszy ios po latach na androidzie i wiele rzeczy jednak brakuje w systemie, ktÃ³re ma android. Jednak prÄ™dkoÅ›Ä‡ dziaÅ‚ania plus, bateria teÅ¼ spoko. Po aparacie spodziewaÅ‚em siÄ™ wiÄ™cej. Wideo lepsze niÅ¼ zdjÄ™cia.",Apple,iPhone12â€ŒPro256GB(niebieski),100,P,0.175,0.825,0.0,-0.802,N
"Rewelacyjny! Przesiadka z iPhone 6s pokazaÅ‚a co Apple zrobiÅ‚ przez te kilka lat. JakoÅ›Ä‡ zdjÄ™Ä‡ i filmÃ³w jest porÃ³wnywalna z niejednÄ… lustrzankÄ…, a efekt rozmytego tÅ‚a jest Å›wietny!",Apple,iPhone12â€ŒPro256GB(niebieski),100,P,0.0,1.0,0.0,0.0,P
"WyglÄ…d Ok. FunkcjonalnoÅ›Ä‡ i Å‚atwoÅ›Ä‡ obsÅ‚ugi - jeÅ›li juÅ¼ ktoÅ› zna iOS to bardzo dobra. JeÅ›li nie, to  caÅ‚kowita zmiana nawykÃ³w. Czas pracy na baterii - tak na 4, ale przy intensywnym uÅ¼ytkowaniu na 1 dzieÅ„ z trudem starcza..",Apple,iPhone12â€ŒPro256GB(niebieski),100,P,0.0,1.0,0.0,0.0,P
"Wiem, gadÅ¼et ale za to fajny! Ekran robi wraÅ¼enie. ZdjÄ™cia, nie wiem jak to robi Apple, ale ich oprogramowanie robi rÃ³Å¼nicÄ™. Niby parametry w opisach gorsze, ale ostatecznie oni robiÄ… swoje.",Apple,iPhone12â€ŒPro256GB(niebieski),100,P,0.0,1.0,0.0,0.0,P
"CaÅ‚kiem spoko telefon przeniosÅ‚em siÄ™ z iPhone 7 plus. BaÅ‚em siÄ™ co do wielkoÅ›ci, ale ekran jest praktycznie taki sam a telefon jest bardziej porÄ™czny. Bateria wytrzymuje jeden intensywny dzieÅ„.",Apple,iPhone12â€ŒPro256GB(niebieski),100,P,0.0,1.0,0.0,0.0,P
"robi Å‚adne zdjÄ™cia, ekran widoczny w mocnym sÅ‚oÅ„cu, bateria trzyma dwa dni przy normalnym uÅ¼ytkowaniu, prÄ™dkoÅ›Ä‡ dziaÅ‚ania bez zarzutu, wszystko szybko siÄ™ uruchamia i dziaÅ‚a pÅ‚ynnie",Apple,iPhone12â€ŒPro256GB(niebieski),100,P,0.0,1.0,0.0,0.0,P
"Produkt godny polecenia! Bateria dÅ‚ugo wytrzymuje, jakoÅ›Ä‡ wykonywanych zdjÄ™Ä‡ na wysokim poziomie w dodatku kolor i wielkoÅ›Ä‡ telefonu z odpowiednim etui nie odczuwa siÄ™ aÅ¼ tak maÅ‚ych gabarytÃ³w.",Apple,iPhone12â€ŒPro256GB(niebieski),100,P,0.0,1.0,0.0,0.0,P
"MÃ³j poprzedni model to iPhone 6s plus, jestem zachwycona nowym nabytkiem. Ekran nie jest aÅ¼ taki wielki jak nie ktÃ³rzy piszÄ…, jest w sam raz. Aparat Å›wietny, gÅ‚oÅ›nik rÃ³wnieÅ¼. Szczerze polecam.",Apple,iPhone12â€ŒPro256GB(niebieski),100,P,0.0,1.0,0.0,0.0,P
Iphone 12 Pro jak kaÅ¼dy najnowszy model Iphona dziaÅ‚a super szybko i bezproblemowo. Dla mnie nic dodaÄ‡ nic ujÄ…Ä‡ co 2 lata wymieniany Iphone na najnowszy model - zawsze jestem zadowolony.,Apple,iPhone12â€ŒPro256GB(niebieski),100,P,0.0,0.885,0.115,0.5994,P
"Za krÃ³tko na komentarz, 5 dni to maÅ‚o , jestem zadowolony ,przyzwyczajenie do androida w pierwszym  dniu dawaÅ‚o trochÄ™ irytacji z iPhone ale juÅ¼ teraz wiem ze do androida nie wrÃ³cÄ™",Apple,iPhone12â€ŒPro256GB(niebieski),100,P,0.0,1.0,0.0,0.0,P
JakoÅ›Ä‡ godna produktÃ³w Apple. Rozmiar w zupeÅ‚noÅ›ci wystarczajÄ…cy (upgrade z iPhone 8). Bateria mogÅ‚aby byÄ‡ nieco lepsza ale w zupeÅ‚noÅ›ci wystarcza na 1 dzieÅ„ normalnego uÅ¼ytkowania,Apple,iPhone12â€ŒPro256GB(niebieski),100,P,0.0,1.0,0.0,0.0,P
"PrzesiadÅ‚em siÄ™ na 12 z iPhone XS i jestem bardzo zadowolony. Åšwietne zdjÄ™cia, bateria dÅ‚uÅ¼ej trzyma i bardzo dobrze leÅ¼y w dÅ‚oni podczas pisania SMS... ogÃ³lnie polecam",Apple,iPhone12â€ŒPro256GB(niebieski),100,P,0.0,1.0,0.0,0.0,P
"Wszystko Ok, szkoda tylko Å¼e sprzedawca nie poleciÅ‚ kupiÄ‡ iPhoneâ€™a 13, bo nie wiedziaÅ‚em Å¼e on kosztuje troszeczkÄ™ droÅ¼ej od 12, mÃ³gÅ‚bym zapÅ‚aciÄ‡ troszeczkÄ™ wiÄ™cej i miaÅ‚bym 13",Apple,iPhone12â€ŒPro256GB(niebieski),100,P,0.0,1.0,0.0,0.0,P
"PrzesiadÅ‚em  siÄ™ z s8 na pierwszego ip - pierwsze dwa dni ciÄ™Å¼kie ale po 2 tygodniach jestem bardzo zadowolony. JakoÅ›Ä‡, szybkoÅ›Ä‡, Å›wietne aparaty, bardzo szybkie ladowanie. Polecam",Apple,iPhone12â€ŒPro256GB(niebieski),100,P,0.122,0.878,0.0,-0.5574,N
"PorÄ™czny iPhone z parametrami wiÄ™kszych braci, stylistyka nawiÄ…zujÄ…ca do mojego ulubionego SE pierwszej generacji, ze zdecydowanie lepszÄ… bateriÄ… i tewelacyjnym aparatem",Apple,iPhone12â€ŒPro256GB(niebieski),100,P,0.0,1.0,0.0,0.0,P
"DuÅ¼o osÃ³b sugeruje sie recenzjami, Å¼e bateria jest sÅ‚aba. Nie jest to prawda. Przy normalnym uÅ¼ytkowaniu po caÅ‚ym dniu zostaje ok 50% baterii. ZdjÄ™cia igÅ‚a. Ekran igÅ‚a.",Apple,iPhone12â€ŒPro256GB(niebieski),100,P,0.117,0.812,0.071,-0.34,N
"Przesiadkowo z XS Max robi wraÅ¼enie wielkoÅ›Ä‡, jeÅ›li ktoÅ› lubi wiÄ™ksze smartfony. Jest bardzo wydajny, a bateria Å‚adowana 2 dni temu wÅ‚aÅ›nie siÄ™gnÄ™Å‚a 20% - wytrzymaÅ‚a.",Apple,iPhone12â€ŒPro256GB(niebieski),100,P,0.0,1.0,0.0,0.0,P
"MyÅ›laÅ‚a, Å¼e juÅ¼ nie moÅ¼e byÄ‡ lepszego aparatu w telefonie, a tu jak zawsze Apple zaskakuje. Iphone wspaniaÅ‚y jak zawsze! Inne telefony nawet siÄ™ do niego nie umywajÄ….",Apple,iPhone12â€ŒPro256GB(niebieski),100,P,0.0,1.0,0.0,0.0,P
"Kiedy biorÄ™ do rÄ™ki kolejnego, nowego Iphone myÅ›le, Å¼e lepiej byÄ‡ nie moÅ¼e jednak 12 PRO to jest mistrzostwo, a aparat przechodzi najÅ›mielsze oczekiwania.",Apple,iPhone12â€ŒPro256GB(niebieski),100,P,0.0,1.0,0.0,0.0,P
"Å»ona w pracy juÅ¼ coraz rzadziej siÄ™ga po lustrzanke i robi zdjÄ™cia produktÃ³w tym Å›wietnym telefonem.
Jak siÄ™ tylko nie bÄ™dzie psuÅ‚ to PETARDA
MATERIAÅY I JAKOÅšÄ† WOW",Apple,iPhone12â€ŒPro256GB(niebieski),100,P,0.105,0.762,0.133,0.2342,P
"Jestem bardzo zadowolona z zakupu. Telefon speÅ‚nia moje wszelkie oczekiwania. Zgrabny, Å‚adny, wydajny ! Bateria trzyma nawet do 2 dni przy normalnym uÅ¼ytkowaniu ;)",Apple,iPhone12â€ŒPro256GB(niebieski),100,P,0.0,0.913,0.087,0.2942,P
"Bardzo dobry kontakt ze sklepem, uprzejma i pomocna obsÅ‚uga oraz szybka wysyÅ‚ka. Jedyny sklep, w ktÃ³rym mogÅ‚am kupiÄ‡ od rÄ™ki wszÄ™dzie wyprzedany telefon. Polecam!",Apple,iPhone12â€ŒPro256GB(niebieski),100,P,0.0,1.0,0.0,0.0,P
Wykonanie jak zawsze premium. Czas pracy na baterii w miarÄ™ ok. DzieÅ„ wytrzyma przy nie intensywnym uÅ¼ytkowaniu. DziaÅ‚a wsztko mega sprawnie szybko bez problemowo,Apple,iPhone12â€ŒPro256GB(niebieski),100,P,0.0,1.0,0.0,0.0,P
"Jak zwykle Apple niezawodny, telefon Å›miga, spokojnie trzyma batariÄ™ caÅ‚y dzieÅ„ przy uÅ¼ytkowaniu non stop. TrochÄ™ brakowaÅ‚o guzika touch ale po 1 dniu byÅ‚o juz ok",Apple,iPhone12â€ŒPro256GB(niebieski),100,P,0.187,0.742,0.071,-0.5574,N
"Jak to u Apple, wykonanie bardzo dobre. Od strony oprogramowania teÅ¼ jest bardzo dobrze, IOS to dopracowany system ktÃ³ry dziaÅ‚a pÅ‚ynnie i bezproblemowo. Polecam",Apple,iPhone12â€ŒPro256GB(niebieski),100,P,0.0,1.0,0.0,0.0,P
"Solidne wykonanie z wysokiej klasy materiaÅ‚Ã³w, prosty i intuicyjny w obsÅ‚udze, dedykowany system operacyjny zapewniajÄ…cy pÅ‚ynnoÅ›Ä‡ dziaÅ‚ania, bardzo dobry aparat.",Apple,iPhone12â€ŒPro256GB(niebieski),100,P,0.0,1.0,0.0,0.0,P
"Jak zwykle najwyÅ¼sza jakoÅ›Ä‡ Apple. Bardzo szybki procesor, dÅ‚ugo trzymajÄ…ca bateria. WyglÄ…dem przypomina iPhone 5. Funkcjonalny i intuicyjny w obsÅ‚udze. Polecam.",Apple,iPhone12â€ŒPro256GB(niebieski),100,P,0.0,1.0,0.0,0.0,P
"Telefon super jak ktoÅ› byÅ‚ fanem maÅ‚ych telefonÃ³w typu iPhone 4,5 to 12mini speÅ‚ni oczekiwania co do wielkoÅ›ci a wnÄ™trze telefonu naszpikowane super funkcjami",Apple,iPhone12â€ŒPro256GB(niebieski),100,P,0.0,0.738,0.262,0.8316,P
Bardzo dobry sprzÄ™t bardzo doÅ¼o nowych funkcji do odgadniÄ™cia tego telefonu myÅ›le ze spÄ™dzÄ™ miÅ‚e chwile przy telefonie i bÄ™dzie mi sÅ‚uÅ¼yÅ‚ pozdrawiamyğŸ˜‰ğŸ˜‰ğŸ˜‰,Apple,iPhone12â€ŒPro256GB(niebieski),100,P,0.0,1.0,0.0,0.0,P
"Polecam LANTRE. JuÅ¼ 3-ci duÅ¼y zakup w tym sklepie ( iMac 27, MacBook Pro 16, iPhone 12 Pro Max ). Stany magazynowe lepsze niÅ¼ u wiÄ™kszoÅ›ci konkurencji :-)",Apple,iPhone12â€ŒPro256GB(niebieski),100,P,0.0,0.922,0.078,0.3182,P
Kolejny IPhone w posiadaniu tym bardziej ze prezent dla Å¼ony . Oddanie pasuje do maÅ‚ych dÅ‚oni . Åšwietna jakoÅ›Ä‡ zdjÄ™Ä‡ fenomenalny system i podzespoÅ‚y .,Apple,iPhone12â€ŒPro256GB(niebieski),100,P,0.0,1.0,0.0,0.0,P
"Telefon bardzo intuicyjny, Å‚atwy w obsÅ‚udze, a co za tym idzie przyjemny w uÅ¼ytkowaniu. JakoÅ›Ä‡ wykonania bardzo dobra, z czystym sumieniem polecam.",Apple,iPhone12â€ŒPro256GB(niebieski),100,P,0.0,1.0,0.0,0.0,P
"Nigdy nie miaÅ‚am wczeÅ›nej IPhone'a, a szybko siÄ™ go uczÄ™. WaÅ¼nu jest dla mnie dobry aparat i pojemnoÅ›Ä‡ pamiÄ™ci wewnÄ™trznej. Wszystko to dostaÅ‚am.",Apple,iPhone12â€ŒPro256GB(niebieski),100,P,0.0,1.0,0.0,0.0,P
"Wszystko eleganckie, jednak bateria powinna trzymaÄ‡ dÅ‚uÅ¼ej, zwÅ‚aszcza, ze wszystkie opcje energooszczÄ™dne poszÅ‚y w ruch i dalej jest za krÃ³tko :(",Apple,iPhone12â€ŒPro256GB(niebieski),100,P,0.127,0.873,0.0,-0.4404,N
Telefon Å¼yleta powiem jedno kiedyÅ› myÅ›laÅ‚em ze tylko Samsung siÄ™ liczy dziÅ› wiem ze to byÅ‚ bÅ‚Ä…d tylko Apple nr jeden na rynku Polecam,Apple,iPhone12â€ŒPro256GB(niebieski),100,P,0.0,1.0,0.0,0.0,P
Åšwietnie wykonany i niewielki rozmiar a do tego bardzo szybki. Po aktualizacji czas pracy na jednym Å‚adowaniu znacznie siÄ™ poprawiÅ‚. Polecam.,Apple,iPhone12â€ŒPro256GB(niebieski),100,P,0.153,0.847,0.0,-0.5574,N
Kolejny telefon Apple cÃ³Å¼ Å›wietne urzÄ…dzenie dla mnie perfekcyjne. Idealnie leÅ¼y w dÅ‚oni obsÅ‚uga jednym kciukiem podczas trzymania telefonu.,Apple,iPhone12â€ŒPro256GB(niebieski),100,P,0.0,1.0,0.0,0.0,P
PrzeskoczyÅ‚em z androida na IOS i nie Å¼aÅ‚uje chociaÅ¼ byÅ‚em caÅ‚y czas przeciwny wobec iPhone w tej wersji jak najbardziej polecam!!,Apple,iPhone12â€ŒPro256GB(niebieski),100,P,0.0,1.0,0.0,0.0,P
"Produkt super, natomiast obsÅ‚uga kierownika sklepu na ul grunwaldzkiej w GdaÅ„sku jeszcze lepsza. Odpowiedni czÅ‚owiek na tym miejscu. Polecam",Apple,iPhone12â€ŒPro256GB(niebieski),100,P,0.0,0.822,0.178,0.5994,P
Wszystko jak w poprzednim modelu. Wyglada lepiej ale w zestawie brak zasilacza i sluchawek,Apple,iPhone12â€ŒPro256GB(niebieski),100,P,0.0,1.0,0.0,0.0,P
"Super telefon , dobrze trzyma siÄ™ w dÅ‚oni , Å›wietne aparaty oraz jak zawsze nie zawodnoÅ›Ä‡ pÅ‚ynnoÅ›ci dziaÅ‚ania jak przystaÅ‚o na IOS :)",Apple,iPhone12â€ŒPro256GB(niebieski),100,P,0.0,0.753,0.247,0.7845,P
"MÃ³j pierwszy prywatny iPhone, wczeÅ›niej sÅ‚uÅ¼bowo korzystaÅ‚em z iPhone 8 
Bardzo dobry telefon pÅ‚ynnoÅ›Ä‡ dziaÅ‚ania, wyglÄ…d, itd 
Polecam",Apple,iPhone12â€ŒPro256GB(niebieski),100,P,0.0,1.0,0.0,0.0,P
"Genialny telefon. MieÅ›ci siÄ™ w kieszeni, zajmuje maÅ‚o miejsca. No i oczywiÅ›cie system iOS. Czas pracy na baterii mÃ³gÅ‚by byÄ‡ dÅ‚uÅ¼szy.",Apple,iPhone12â€ŒPro256GB(niebieski),100,P,0.099,0.901,0.0,-0.296,N
"WielkoÅ›Ä‡ jest dla mnie idealna. Na plus jestem zaskoczony bateriÄ…, poniewaÅ¼ spodziewaÅ‚em siÄ™, Å¼e jest gorsza niÅ¼ w rzeczywistoÅ›ci.",Apple,iPhone12â€ŒPro256GB(niebieski),100,P,0.0,1.0,0.0,0.0,P
"DoskonaÅ‚y jak to iphone ;). Wysokiej jakoÅ›ci wykonanie, idealne rozmiary do obsÅ‚ugi jednÄ… rÄ™kÄ…. Aparat fotograficzny bardzo dobry.",Apple,iPhone12â€ŒPro256GB(niebieski),100,P,0.0,1.0,0.0,0.0,P
"WytrzymaÅ‚a bateria, prezentuje siÄ™ bardzo Å‚adnie. Smartfon prosty w obsÅ‚udze i oferujÄ…cy wiele fajnych opcji, bardzo dobry aparat.",Apple,iPhone12â€ŒPro256GB(niebieski),100,P,0.0,1.0,0.0,0.0,P
Przesiadka z iPhone 11 Pro nie byÅ‚a trudna. Moza pisaÄ‡ smsy jednÄ… rÄ™kÄ… a o to przy tej przekÄ…tnej ekranu nie jest takie oczywiste,Apple,iPhone12â€ŒPro256GB(niebieski),100,P,0.0,1.0,0.0,0.0,P
"Åadny wyglÄ…d-na zywo Å‚adniejszy jak na zdjeciach, szybkoÅ›Ä‡ dziaÅ‚ania, rewelacyjne zdjecia, zmiana z 7 na 12 pro bardzo pozytywna roznica :)",Apple,iPhone12â€ŒPro256GB(niebieski),100,P,0.0,0.87,0.13,0.4588,P
Telefon oryginalnie zapakowany w oryginalnym pudeÅ‚ku. Numery imei zgodne ze sobÄ…. Brak Å›ladÃ³w uÅ¼ytkowania. PeÅ‚en legal. Polecam,Apple,iPhone12â€ŒPro256GB(niebieski),100,P,0.0,0.914,0.086,0.128,P
"mogÄ™ tylko napisaÄ‡, jest to produkt z bardzo wysokiej pÃ³Å‚ki, za krÃ³tki czas aby napisaÄ‡ o uÅ¼ywaniu ale jest po prostu Å›liczny!",Apple,iPhone12â€ŒPro256GB(niebieski),100,P,0.156,0.844,0.0,-0.5983,N
"Najlepszy telefon. Szybki, wygodny, aparat robi piÄ™kne zdjÄ™cia, szybko siÄ™ Å‚aduje. Bateria mogÅ‚aby dÅ‚uÅ¼ej trzymaÄ‡ jedynie.",Apple,iPhone12â€ŒPro256GB(niebieski),100,P,0.0,1.0,0.0,0.0,P
"smartfon zgodny z oczekiwaniami, model zaawansowany funkcjonalinie bez zbÄ™dnych dodatkÃ³w.
Pracuje doskonale i obsÅ‚uguje 5G",Apple,iPhone12â€ŒPro256GB(niebieski),100,P,0.0,1.0,0.0,0.0,P
Bardzo dobry iphone.Bateria bardzo dÅ‚ugo trzyma.Åšwietny ekran.RobiÄ™ naprawdÄ™ Å›wietne zdjÄ™cia zwÅ‚aszcza w trybie panorama,Apple,iPhone12â€ŒPro256GB(niebieski),100,P,0.0,1.0,0.0,0.0,P
"Polecam, telefon zamawiany w poniedziaÅ‚ek po poÅ‚udniu, dotarÅ‚ nastÄ™pnego dnia rano. Dobrze zapakowany, zgodny z opisem.",Apple,iPhone12â€ŒPro256GB(niebieski),100,P,0.194,0.806,0.0,-0.5574,N
jak ktoÅ› przejdzie na iphona to juÅ¼ zostanie i tylko bÄ™dzie zmieniaÅ‚ na nowszy. To kaÅ¼dy Mac-owiec juÅ¼ wie :),Apple,iPhone12â€ŒPro256GB(niebieski),100,P,0.0,0.864,0.136,0.4588,P
"Telefon bardzo dobrej jakoÅ›ci, â€przesiadkaâ€ z modelu 11 na model 12 mini byÅ‚ dobrym wyborem. Polecam :)",Apple,iPhone12â€ŒPro256GB(niebieski),100,P,0.0,0.842,0.158,0.4588,P
"Od dawna uÅ¼ywam produktÃ³w Apple'a i uwaÅ¼am, Å¼e sÄ… najlepsze w swojej klasie (zwÅ‚aszcza oprogramowanie)",Apple,iPhone12â€ŒPro256GB(niebieski),100,P,0.0,1.0,0.0,0.0,P
"Swietny telefon, nie rysuje sie, nie wiesza, zdiecia swietne nawet sie nie spodziewalem ze az tak dobre beda :)",Apple,iPhone12â€ŒPro256GB(niebieski),100,P,0.0,0.857,0.143,0.4588,P
"Jestem w peÅ‚ni zadowolona. Nie Å¼aÅ‚ujÄ™ przejÅ›cia z androidu na ios, no moÅ¼e Å¼aÅ‚ujÄ™ Å¼e zrobiÅ‚a to tak pÃ³Åºno.",Apple,iPhone12â€ŒPro256GB(niebieski),100,P,0.109,0.891,0.0,-0.296,N
W moim przypadku wszystko przebiegÅ‚o bardzo sprawnie telefon byÅ‚ kolejnego dnia u mnie polecam sprzedawcÄ™,Apple,iPhone12â€ŒPro256GB(niebieski),100,P,0.0,1.0,0.0,0.0,P
"jakoÅ›Ä‡ wykonania na najlepszym poziomie, znakomicie leÅ¼y dÅ‚oni - obsÅ‚uga jednÄ… rÄ™kÄ…, trochÄ™ sÅ‚aba bateria.",Apple,iPhone12â€ŒPro256GB(niebieski),100,P,0.0,1.0,0.0,0.0,P
OczywiÅ›cie jest to urzÄ…dzenie z najwyÅ¼szej pÃ³Å‚ki. JeÅ›li szukacie telefonu na lata to z czystym sumieniem polecam.,Apple,iPhone12â€ŒPro256GB(niebieski),100,P,0.0,1.0,0.0,0.0,P
"produkt wysÅ‚any i dostarczony nazajutrz, produkt oryginalny, firmowo zapakowany , jestem zadowolony !",Apple,iPhone12â€ŒPro256GB(niebieski),100,P,0.0,1.0,0.0,0.0,P
"Co tu pisaÄ‡, mimo, Å¼e to 12, jest to przepaÅ›Ä‡ jakoÅ›ciowa i wydajnoÅ›ciowa  w stosunku do konkurencji.",Apple,iPhone12â€ŒPro256GB(niebieski),100,P,0.0,1.0,0.0,0.0,P
"Jak kaÅ¼dy iPhone dobrze wykonany, szybki. JedynÄ… wadÄ… to czÅ‚owiek zawsze myÅ›li zakÅ‚adaÄ‡ etui czy nie.",Apple,iPhone12â€ŒPro256GB(niebieski),100,P,0.0,1.0,0.0,0.0,P
Produkt w 100% jak z opisu bardzo funkcjonalny w trzymaniu w rÄ™ce wielkoÅ›ciÄ… jestem mega zadowolona,Apple,iPhone12â€ŒPro256GB(niebieski),100,P,0.0,1.0,0.0,0.0,P
"Super telefon, zreszta jak wszystkie tel. id Apple. MoÅ¼e i trochÄ™ za maÅ‚y ale dla kobiety moÅ¼e byÄ‡",Apple,iPhone12â€ŒPro256GB(niebieski),100,P,0.0,0.813,0.187,0.5994,P
"Bardzo dobry smartfon. Wygodny w uÅ¼ytkowaniu, dobry czas pracy na baterii, aktualizacje, niewielki.",Apple,iPhone12â€ŒPro256GB(niebieski),100,P,0.0,1.0,0.0,0.0,P
"iPhone rewelacja, zdjÄ™cia przepiÄ™kne a na tym najbardziej mi zaleÅ¼aÅ‚o. Wszystko super, szybki itd.",Apple,iPhone12â€ŒPro256GB(niebieski),100,P,0.0,0.769,0.231,0.5994,P
"Jestem bardzo zadowolona. ZdjÄ™cia robi piÄ™kne, bateria trzyma dwie doby przy korzystaniu non stop.",Apple,iPhone12â€ŒPro256GB(niebieski),100,P,0.145,0.855,0.0,-0.296,N
Super telefon na ktÃ³ry czekaÅ‚em! WielkoÅ›Ä‡ super jeÅ›li ktoÅ› nie ma miejsca w kieszeni ba pÃ³Å‚ tablet,Apple,iPhone12â€ŒPro256GB(niebieski),100,P,0.0,0.65,0.35,0.8439,P
"Robi wraÅ¼enie, dziaÅ‚a pÅ‚ynnie. Bateria swobodnie jeden dzieÅ„ jak kaÅ¼dy dzisiaj smartfon. Polecam.",Apple,iPhone12â€ŒPro256GB(niebieski),100,P,0.0,1.0,0.0,0.0,P
"Towar zgodny z opisem, jednak w opisie produktu powinna byÄ‡ informacjÄ™ z jakiego runku pochodzi.",Apple,iPhone12â€ŒPro256GB(niebieski),100,P,0.0,1.0,0.0,0.0,P
To mÃ³j pierwszy iphone i jestem nim zachwycona. Telefon uÅ¼ytkuje juÅ¼ 22 dni i wszystko jest ok.,Apple,iPhone12â€ŒPro256GB(niebieski),100,P,0.0,1.0,0.0,0.0,P
PRZESIADÅEM SIÄ˜ Z ANDROIDA NA IPHONE 12 JESTEM MEGA ZADOWOLONY! SZYBKOÅšÄ† PRACY TELEFONU POWALA!,Apple,iPhone12â€ŒPro256GB(niebieski),100,P,0.0,1.0,0.0,0.0,P
Produkt nowy oryginalnie zapakowany. Wszystko zgodnie z opisem. Kontakt ze sprzedajÄ…cym na 5.,Apple,iPhone12â€ŒPro256GB(niebieski),100,P,0.0,1.0,0.0,0.0,P
"Åšwietny produkt jakoÅ›Ä‡ wydajnoÅ›Ä‡ najwyÅ¼szy poziom
NajwaÅ¼niejszy kompaktowy rozmiar 
Nie CEGÅA",Apple,iPhone12â€ŒPro256GB(niebieski),100,P,0.0,1.0,0.0,0.0,P
Åšwietny telefon duÅ¼o wiÄ™kszy wyÅ›wietlacz niÅ¼ w modelu SE przy prawie takich samych gabarytach,Apple,iPhone12â€ŒPro256GB(niebieski),100,P,0.0,1.0,0.0,0.0,P
Goraco polecam.Wszystko w terminie co do dnia jaki byl ustalony .Szybka pomoc telefoniczna,Apple,iPhone12â€ŒPro256GB(niebieski),100,P,0.0,1.0,0.0,0.0,P
"DuÅ¼y, piÄ™kny i bateria pÃ³ki co trzyma nawet do dwÃ³ch dni na jednym Å‚adowaniu :)",Apple,iPhone12â€ŒPro256GB(niebieski),100,P,0.0,0.824,0.176,0.4588,P
"Bardzo dobry, funkcjonalny IPhone mieszczÄ…cy w wersji mini zalety standardowej dwunastki.",Apple,iPhone12â€ŒPro256GB(niebieski),100,P,0.0,1.0,0.0,0.0,P
Wszystko OK. Jak ktoÅ› chce zaczÄ…Ä‡ przygodÄ™ z IPHONE to obecnie najlepszy model na start.,Apple,iPhone12â€ŒPro256GB(niebieski),100,P,0.0,1.0,0.0,0.0,P
Przesiadka z iPhona 7 na iPhona 12 to zupeÅ‚nie nowe doÅ›wiadczenie jakoÅ›ci apple. Plecam.,Apple,iPhone12â€ŒPro256GB(niebieski),100,P,0.0,1.0,0.0,0.0,P
14 lat na androidzie teraz kolej na iOS. OczywiÅ›cie polecam wszystkim niezdecydowanym.,Apple,iPhone12â€ŒPro256GB(niebieski),100,P,0.0,1.0,0.0,0.0,P
"PrzerzuciÅ‚em siÄ™ z androida i wiem juÅ¼, Å¼e ten telefon zostanie ze mnÄ… na bardzo dÅ‚ugo.",Apple,iPhone12â€ŒPro256GB(niebieski),100,P,0.0,1.0,0.0,0.0,P
"Bardzo porÄ™czny, moÅ¼na obsÅ‚ugiwaÄ‡ jednÄ… dÅ‚oniÄ… co waÅ¼ne dla osÃ³b majÄ…cych maÅ‚e dÅ‚onie",Apple,iPhone12â€ŒPro256GB(niebieski),100,P,0.0,1.0,0.0,0.0,P
SÄ… oczywiÅ›cie nowsze modele iphone ale temu nic nie brakuje i jest wart swojej ceny.,Apple,iPhone12â€ŒPro256GB(niebieski),100,P,0.0,1.0,0.0,0.0,P
Jak na tydzieÅ„ uÅ¼ytkowania pÃ³ki co bez zarzutu- Å›miga w porÃ³wnaniu do Samsunga Galaxy,Apple,iPhone12â€ŒPro256GB(niebieski),100,P,0.0,1.0,0.0,0.0,P
Produkt wiadomo bardzo dobry obsÅ‚uga ze strony Neonetu jak najbardziej profesjonalna.,Apple,iPhone12â€ŒPro256GB(niebieski),100,P,0.0,1.0,0.0,0.0,P
"JakoÅ›Ä‡ sama w sobie. Apple mogÅ‚o by pomyÅ›leÄ‡ o wiÄ™kszej pojemnoÅ›ci baterii 
Reszta ğŸ‘Œ",Apple,iPhone12â€ŒPro256GB(niebieski),100,P,0.0,0.679,0.321,0.7297,P
Telefon powystawowy jak nowy. Bateria 100% + Å‚adowarka od sprzedawcy. Wszystko super,Apple,iPhone12â€ŒPro256GB(niebieski),100,P,0.0,0.738,0.262,0.5994,P
Najszybszy i najÅ‚adniejszy telefon jaki widziaÅ‚em. ZdjÄ™cia robi niesamowite. Polecam,Apple,iPhone12â€ŒPro256GB(niebieski),100,P,0.0,1.0,0.0,0.0,P
To juÅ¼ mÃ³j kolejny iPhone i nie wyobraÅ¼am sobie przejÅ›cia na innÄ… markÄ™.,Apple,iPhone12â€ŒPro256GB(niebieski),100,P,0.0,1.0,0.0,0.0,P
"IPhone ma swÃ³j styl i swojÄ… rangÄ™ tam wszystko jest dopracowane nic dodaÄ‡, nic ujÄ…Ä‡",Apple,iPhone12â€ŒPro256GB(niebieski),100,P,0.0,1.0,0.0,0.0,P
"UÅ¼ytkownik bardzo zadowolony. Åšliczny zgrabny telefon, Å›miga z prÄ™dkoÅ›ciÄ… Å›wiatÅ‚a.",Apple,iPhone12â€ŒPro256GB(niebieski),100,P,0.0,1.0,0.0,0.0,P
Nie liczÄ…c ceny i baterii telefon bardzo fajny przrskoktz6s przyznam duÅ¼y ale wart,Apple,iPhone12â€ŒPro256GB(niebieski),100,P,0.0,1.0,0.0,0.0,P
"Aparat kozak, robi takie zdjÄ™cia Å¼e appki do retuszu nie dajÄ… rady ich udÅºwignÄ…Ä‡",Apple,iPhone12â€ŒPro256GB(niebieski),100,P,0.0,1.0,0.0,0.0,P
Åšwietny kolor. Pasuje mi w nim wszystko nic siÄ™ nie dzieje uÅ¼ywany Ok 1 miesiÄ…ca,Apple,iPhone12â€ŒPro256GB(niebieski),100,P,0.0,0.864,0.136,0.296,P
"Wykonanie, wydajnoÅ›Ä‡, rozmiar. PrzypominajÄ… siÄ™ najlepsze lata Apple za S. Jobsa.",Apple,iPhone12â€ŒPro256GB(niebieski),100,P,0.0,1.0,0.0,0.0,P
"Po przesiadce z IP7 jest duÅ¼a rÃ³Å¼nica. Aparat, ekran (wielkoÅ›Ä‡, jakoÅ›Ä‡). Polecam.",Apple,iPhone12â€ŒPro256GB(niebieski),100,P,0.247,0.753,0.0,-0.5574,N
Kolejny udany zakup od XKOM. Wszystko w najlepszym porzÄ…dku - szybko i pewnie.,Apple,iPhone12â€ŒPro256GB(niebieski),100,P,0.0,1.0,0.0,0.0,P
"Iphone jak Iphone, trudno siÄ™ do czegoÅ› przyczepiÄ‡. Jak dla mnie jest idealny.",Apple,iPhone12â€ŒPro256GB(niebieski),100,P,0.0,1.0,0.0,0.0,P
"JakoÅ›Ä‡ zdjÄ™Ä‡ perfekcyjna.Dziala bez zarzutÃ³w,najlepszy tel jaki dotÄ…d mialam.",Apple,iPhone12â€ŒPro256GB(niebieski),100,P,0.0,1.0,0.0,0.0,P
"IMHO, najlepszy model teraz i w sensownej cenie. 13 powinna zmieniÄ‡ nazwÄ™ ğŸ™ƒ",Apple,iPhone12â€ŒPro256GB(niebieski),100,P,0.0,1.0,0.0,0.0,P
"""ÅšwieÅ¼ynka""... Jeszcze nie wiem, ale parametry i wyglÄ…d... zapierajÄ… dech :)",Apple,iPhone12â€ŒPro256GB(niebieski),100,P,0.0,0.769,0.231,0.4588,P
"Najlepszy telefon, prostota, zdjÄ™cia-bajka, dÅºwiÄ™k no i ten eko system Apple",Apple,iPhone12â€ŒPro256GB(niebieski),100,P,0.18,0.82,0.0,-0.296,N
"Fantastyczny telefon, jakoÅ›Ä‡ zdjÄ™Ä‡, bateria, wyÅ›wietlacz, wszystko Å›wietnie.",Apple,iPhone12â€ŒPro256GB(niebieski),100,P,0.0,1.0,0.0,0.0,P
"Wykonanie - klasa sama w sobie, ale ergonomia pozostawia wiele do Å¼yczenia",Apple,iPhone12â€ŒPro256GB(niebieski),100,P,0.0,1.0,0.0,0.0,P
"Telefon mega, polecam, piÄ™kny kobiecy kolor, wielkoÅ›Ä‡ super ;D kupujcie ;D",Apple,iPhone12â€ŒPro256GB(niebieski),100,P,0.0,0.472,0.528,0.8388,P
"Telefon w eleganckiej formie ,i piÄ™knym odcieniu.JakoÅ›Ä‡ wykonania 10/10ğŸ™‚",Apple,iPhone12â€ŒPro256GB(niebieski),100,P,0.0,0.803,0.197,0.4033,P
"WziÄ™Å‚am kolor granatowy, cudnowy. Szybki bateria rÃ³wnieÅ¼ super trzyma :D",Apple,iPhone12â€ŒPro256GB(niebieski),100,P,0.0,0.502,0.498,0.8374,P
"JakoÅ›Ä‡ wykonania na najwyÅ¼szym poziomie, cena teÅ¼ na najwyÅ¼szym poziomie.",Apple,iPhone12â€ŒPro256GB(niebieski),100,P,0.0,1.0,0.0,0.0,P
"na razie trudno powiedzieÄ‡ gdyÅ¼ za krÃ³tko uÅ¼ywam , na tÄ… chwilÄ™ jest ok",Apple,iPhone12â€ŒPro256GB(niebieski),100,P,0.0,0.855,0.145,0.296,P
Wygodny w uÅ¼ytkowaniu z piÄ™knymi czerniami dziÄ™ki wyÅ›wietlaczowi AMOLED,Apple,iPhone12â€ŒPro256GB(niebieski),100,P,0.0,1.0,0.0,0.0,P
Polecam telefon! Jest mega wygodny! WychodzÄ… piÄ™kne zdjÄ™cia,Apple,iPhone12â€ŒPro256GB(niebieski),100,P,0.0,1.0,0.0,0.0,P
"Po 6s ktÃ³rego miaÅ‚am ponad 4lata to nastÄ™pnyğŸ˜Š
iPhone i tylko iPhoneğŸ’›",Apple,iPhone12â€ŒPro256GB(niebieski),100,P,0.125,0.521,0.354,0.765,P
"Telefon idealny, chodzi pÅ‚ynnie, zdjÄ™cia robi niesamowite po prostuğŸ˜",Apple,iPhone12â€ŒPro256GB(niebieski),100,P,0.205,0.625,0.17,-0.1531,N
"Rewelacja, aparat i samo dziaÅ‚anie telefonu jest na wysokim poziomie.",Apple,iPhone12â€ŒPro256GB(niebieski),100,P,0.0,1.0,0.0,0.0,P
Jestem zachwycona. Jest to najlepszy iPhone jaki do tej pory miaÅ‚am.,Apple,iPhone12â€ŒPro256GB(niebieski),100,P,0.0,1.0,0.0,0.0,P
Produkt jak to Iphone sklep nie ma nic zwiÄ…zane z jakoÅ›ciÄ… telefonu.,Apple,iPhone12â€ŒPro256GB(niebieski),100,P,0.0,1.0,0.0,0.0,P
Tego produktu chyba nie potrzeba oceniaÄ‡ Marka mÃ³wi sama za siebie,Apple,iPhone12â€ŒPro256GB(niebieski),100,P,0.0,1.0,0.0,0.0,P
"Wszystko ok, bez uwag. Szybko, oryginalne opakowanie, nowy produkt",Apple,iPhone12â€ŒPro256GB(niebieski),100,P,0.0,1.0,0.0,0.0,P
Å»ona zadowolona z prezentu. OtrzymaÅ‚a niedawno i uczy siÄ™ obsÅ‚ugi.,Apple,iPhone12â€ŒPro256GB(niebieski),100,P,0.0,1.0,0.0,0.0,P
Telefon rewelacja Å‚adny szybki no i iphone polecam niezdecydowanym,Apple,iPhone12â€ŒPro256GB(niebieski),100,P,0.216,0.784,0.0,-0.296,N
"Bardzo dobry produkt, bardzo szybki i I z ledwoÅ›ciÄ… siedzi w rÄ™ce",Apple,iPhone12â€ŒPro256GB(niebieski),100,P,0.0,1.0,0.0,0.0,P
"MaÅ‚e gabaryty,stosunkowo duÅ¼y wyÅ›wietlacz.Tego szukaÅ‚em.Jest OK.",Apple,iPhone12â€ŒPro256GB(niebieski),100,P,0.0,1.0,0.0,0.0,P
Wykonanie. SzybkoÅ›Ä‡. Design. System. Aparat. Funkcje. Perfekcja.,Apple,iPhone12â€ŒPro256GB(niebieski),100,P,0.0,1.0,0.0,0.0,P
Bardzo przyzwoity telefon w dobrej cenie. GorÄ…co polecam zakup.,Apple,iPhone12â€ŒPro256GB(niebieski),100,P,0.0,1.0,0.0,0.0,P
JakoÅ›Ä‡ jak u Apple czyli jakoÅ› to bÄ™dzieâ˜º. Towar zgodny z opisem,Apple,iPhone12â€ŒPro256GB(niebieski),100,P,0.0,0.812,0.188,0.4588,P
Nie trzeba reklamowaÄ‡. Taki chciaÅ‚am i wiem co kupujÄ™,Apple,iPhone12â€ŒPro256GB(niebieski),100,P,0.0,1.0,0.0,0.0,P
iPhone - kolejny juÅ¼ zakup flagowego modelu Apple i na pewno nie ostatni.,Apple,iPhone12â€ŒPro256GB(niebieski),100,P,0.0,1.0,0.0,0.0,P
"Super telefon. dobrze pracuje. 
dopomogaje w pracy i podroÅ¼ach",Apple,iPhone12â€ŒPro256GB(niebieski),100,P,0.0,0.672,0.328,0.5994,P
"UrzÄ…dzenie OK a gÅ‚oÅ›niki super , caÅ‚kiem przyzwoita bateria ğŸ‘",Apple,iPhone12â€ŒPro256GB(niebieski),100,P,0.0,0.568,0.432,0.7804,P
Bardzo dobry telefon  z fajnym aparatem i bardzo dobrÄ… bateriÄ…,Apple,iPhone12â€ŒPro256GB(niebieski),100,P,0.0,1.0,0.0,0.0,P
"DuÅ¼o fajnych i przydatnych funkcji, lekki, wygodny w trzymaniu",Apple,iPhone12â€ŒPro256GB(niebieski),100,P,0.0,1.0,0.0,0.0,P
Polecam super sklep towar zgodny z opisem przesyÅ‚ka ekspresowa,Apple,iPhone12â€ŒPro256GB(niebieski),100,P,0.0,0.672,0.328,0.5994,P
"Gwiazdy daje za wyglÄ…d telefonu, niestety ja go nie uÅ¼ytkujÄ™.",Apple,iPhone12â€ŒPro256GB(niebieski),100,P,0.0,1.0,0.0,0.0,P
"Wszystko ok, nowy, fabrycznie zapakowany telefon. Polecam! ğŸ‘",Apple,iPhone12â€ŒPro256GB(niebieski),100,P,0.0,1.0,0.0,0.0,P
iPhone to iPhone. Od 10 lat uÅ¼ywam i nigdy siÄ™ nie zawiodÅ‚am.,Apple,iPhone12â€ŒPro256GB(niebieski),100,P,0.0,1.0,0.0,0.0,P
PrzesiadajÄ…c siÄ™ z androida trzeba siÄ™ przyzwyczaiÄ‡. Jest ok.,Apple,iPhone12â€ŒPro256GB(niebieski),100,P,0.0,1.0,0.0,0.0,P
Bardzo fajny telefon - i cena jak za nowy iphone akceptowalna,Apple,iPhone12â€ŒPro256GB(niebieski),100,P,0.0,1.0,0.0,0.0,P
Wszystko tak jak powinno byÄ‡. Nie Å¼adna chiÅ„szczyzna. Polecam,Apple,iPhone12â€ŒPro256GB(niebieski),100,P,0.0,1.0,0.0,0.0,P
Mam ten produkt drugi raz. Polecam kaÅ¼demu 100% zadowolenia,Apple,iPhone12â€ŒPro256GB(niebieski),100,P,0.0,1.0,0.0,0.0,P
Produkt ok . Nie fart ze wifi nie dziaÅ‚a . Od razu serwis .,Apple,iPhone12â€ŒPro256GB(niebieski),100,P,0.0,0.855,0.145,0.296,P
"Super jakoÅ›Ä‡, bardzo Å‚atwa migracja danych. MaÅ‚y, ale wariat",Apple,iPhone12â€ŒPro256GB(niebieski),100,P,0.0,0.672,0.328,0.5994,P
"co tu pisaÄ‡, iPhone to iPhone :) szybki niezawodny fajny :)",Apple,iPhone12â€ŒPro256GB(niebieski),100,P,0.0,0.6,0.4,0.7184,P
JakoÅ›Ä‡ produktÃ³w iPhone niezmiennie na wysokim poziomie.,Apple,iPhone12â€ŒPro256GB(niebieski),100,P,0.0,1.0,0.0,0.0,P
"bardzo dobry telefon, wystarczajÄ…cy do codziennego uÅ¼ytku",Apple,iPhone12â€ŒPro256GB(niebieski),100,P,0.0,1.0,0.0,0.0,P
Majac 11pro roznica jest znikoma a bateria trzyma krocej.,Apple,iPhone12â€ŒPro256GB(niebieski),100,P,0.0,1.0,0.0,0.0,P
Iphone jest najlepszych sprzetem jaki dotychczas uzywalam,Apple,iPhone12â€ŒPro256GB(niebieski),100,P,0.0,1.0,0.0,0.0,P
"Ja siÄ™ pytam.... skÄ…d opinie jak telefon jeszcze nie jest w sprzedaÅ¼y? 
Ceneo?! Jaja jakieÅ› sobie robicie?",Apple,iPhone12â€ŒPro256GB(niebieski),100,P,0.0,1.0,0.0,0.0,P
"Polecam, dobrze leÅ¼y w rÄ™ce, Å¼ona woli go od 12 PRO MAX.",Apple,iPhone12â€ŒPro256GB(niebieski),100,P,0.0,1.0,0.0,0.0,P
Najlepszy telefon pod sÅ‚oÅ„cem. Upgrade z iPhona 8. Mega!,Apple,iPhone12â€ŒPro256GB(niebieski),100,P,0.0,1.0,0.0,0.0,P
produkt zgodny z moimi oczekiwaniami i z opisem POLECAM.,Apple,iPhone12â€ŒPro256GB(niebieski),100,P,0.0,1.0,0.0,0.0,P
Super telefon malutki i funkcjonalny robi piÄ™kne zdjÄ™cia,Apple,iPhone12â€ŒPro256GB(niebieski),100,P,0.0,0.642,0.358,0.5994,P
Åadny i funkcjonalny . Bardzo jestem z niego zadowolona,Apple,iPhone12â€ŒPro256GB(niebieski),100,P,0.0,1.0,0.0,0.0,P
"Nic dodaÄ‡ nic ujÄ…Ä‡, nie czuje Å¼adnego przeskoku od xsa.",Apple,iPhone12â€ŒPro256GB(niebieski),100,P,0.0,1.0,0.0,0.0,P
"Telefon uÅ¼ytkowany od 2 dni, poki co wszystko na plus :)",Apple,iPhone12â€ŒPro256GB(niebieski),100,P,0.0,0.769,0.231,0.4588,P
"Mam od 1 dnia, ale na razie wszystko super:))",Apple,iPhone12â€ŒPro256GB(niebieski),100,P,0.0,0.672,0.328,0.5994,P
"Telefon znakomity, bateria dÅ‚ugo trzyma, zdjÄ™cia piÄ™kne",Apple,iPhone12â€ŒPro256GB(niebieski),100,P,0.0,1.0,0.0,0.0,P
"cudeÅ„ko, najlepszy z iphonÃ³w, jakie do tej pory miaÅ‚am",Apple,iPhone12â€ŒPro256GB(niebieski),100,P,0.0,1.0,0.0,0.0,P
Best job Apple did with the phones so far - recommended,Apple,iPhone12â€ŒPro256GB(niebieski),100,P,0.0,0.59,0.41,0.7402,P
"Nie wiem, nie dostaÅ‚am jeszcze. Mam nadziejÄ™, Å¼e na 5.",Apple,iPhone12â€ŒPro256GB(niebieski),100,P,0.0,1.0,0.0,0.0,P
Super zdjecia i wiele innych zalet. Porzadny telefon.,Apple,iPhone12â€ŒPro256GB(niebieski),100,P,0.0,0.642,0.358,0.5994,P
"PorÄ™czny, Å›wietne aparaty, biaÅ‚y jest bardzo Å‚adny :)",Apple,iPhone12â€ŒPro256GB(niebieski),100,P,0.0,0.7,0.3,0.4588,P
"produkt bardzo dobry, bez wad, wszystko super polecam",Apple,iPhone12â€ŒPro256GB(niebieski),100,P,0.0,0.642,0.358,0.5994,P
Znakomita jakoÅ›Ä‡ wykonania oraz niezawodnoÅ›Ä‡ produktu,Apple,iPhone12â€ŒPro256GB(niebieski),100,P,0.0,1.0,0.0,0.0,P
"Åšwietny telefon, oryginalnie zapakowany. Wszystko ok.",Apple,iPhone12â€ŒPro256GB(niebieski),100,P,0.0,1.0,0.0,0.0,P
Super jakoÅ›Ä‡ bateria spokojnie wytrzymuje caÅ‚y dzieÅ„,Apple,iPhone12â€ŒPro256GB(niebieski),100,P,0.0,0.606,0.394,0.5994,P
Telefon bez zarzutÃ³w. Åšwietne aparaty i piÄ™kny kolor,Apple,iPhone12â€ŒPro256GB(niebieski),100,P,0.0,1.0,0.0,0.0,P
"Åšwietny telefon , najlepszy jaki kiedykolwiek miaÅ‚am",Apple,iPhone12â€ŒPro256GB(niebieski),100,P,0.0,1.0,0.0,0.0,P
Jak na razie nie moÅ¼na siÄ™ do niczego przyczepiÄ‡ ;),Apple,iPhone12â€ŒPro256GB(niebieski),100,P,0.0,0.826,0.174,0.2263,P
"Bardo Å‚adny i funkcjonalny telefon, idealny kolor,",Apple,iPhone12â€ŒPro256GB(niebieski),100,P,0.0,1.0,0.0,0.0,P
ByÅ‚em do produktu przekonany i dlatego go wybraÅ‚em.,Apple,iPhone12â€ŒPro256GB(niebieski),100,P,0.0,1.0,0.0,0.0,P
Pod kaÅ¼dym wzglÄ™dem lepszy od poprzedniego IPhone 6,Apple,iPhone12â€ŒPro256GB(niebieski),100,P,0.0,1.0,0.0,0.0,P
Tu nic dodawaÄ‡ nie trzeba. PÅ‚acisz i wiesz za co.,Apple,iPhone12â€ŒPro256GB(niebieski),100,P,0.0,1.0,0.0,0.0,P
Produkt speÅ‚niÅ‚ w 100 procentach moje oczekiwania,Apple,iPhone12â€ŒPro256GB(niebieski),100,P,0.0,1.0,0.0,0.0,P
W tej cenie nie ma lepszego kompaktowego telefonu.,Apple,iPhone12â€ŒPro256GB(niebieski),100,P,0.0,1.0,0.0,0.0,P
"Fantastyczny telefon, szybka i sprawna obsÅ‚uga :)",Apple,iPhone12â€ŒPro256GB(niebieski),100,P,0.0,0.667,0.333,0.4588,P
"Bardzo zgrabny telefon, w sam raz do kobiecej rÄ™ki",Apple,iPhone12â€ŒPro256GB(niebieski),100,P,0.0,1.0,0.0,0.0,P
super produkt troche drogi ale mysle ze warty ceny,Apple,iPhone12â€ŒPro256GB(niebieski),100,P,0.0,0.672,0.328,0.5994,P
"super ,  cena do moÅ¼liwoÅ›ci i szybkoÅ›ci dziaÅ‚ania",Apple,iPhone12â€ŒPro256GB(niebieski),100,P,0.0,0.642,0.358,0.5994,P
Iphone to iphone ğŸ˜‰ nie ma lepszej marki na rynku,Apple,iPhone12â€ŒPro256GB(niebieski),100,P,0.0,1.0,0.0,0.0,P
iPhone is always a 5 star value for iPhone lovers,Apple,iPhone12â€ŒPro256GB(niebieski),100,P,0.0,0.58,0.42,0.7003,P
"Super telefon, szybki troszkÄ™ drogi ale to norma",Apple,iPhone12â€ŒPro256GB(niebieski),100,P,0.0,0.642,0.358,0.5994,P
Åšwietny oryginalny produkt w rewelacyjnej cenie.,Apple,iPhone12â€ŒPro256GB(niebieski),100,P,0.0,1.0,0.0,0.0,P
To kolejny mÃ³j iPhone o jak zawsze rewelacyjny!,Apple,iPhone12â€ŒPro256GB(niebieski),100,P,0.0,1.0,0.0,0.0,P
bardzo dobry - polecam. Cena mogÅ‚aby byÄ‡ niÅ¼sza,Apple,iPhone12â€ŒPro256GB(niebieski),100,P,0.0,1.0,0.0,0.0,P
Pod kaÅ¼dym wzglÄ™dem jest bardzo dobry telefon.,Apple,iPhone12â€ŒPro256GB(niebieski),100,P,0.0,1.0,0.0,0.0,P
Bdb. telefon nie skÅ‚adany w Chinach tylko w USA,Apple,iPhone12â€ŒPro256GB(niebieski),100,P,0.0,1.0,0.0,0.0,P
"DokÅ‚adny opis, produkt zgodny, szybka wysyÅ‚ka.",Apple,iPhone12â€ŒPro256GB(niebieski),100,P,0.0,1.0,0.0,0.0,P
"PiÄ™kny wyglÄ…d, wspaniaÅ‚e zdjÄ™cia. Super sprzÄ™t!",Apple,iPhone12â€ŒPro256GB(niebieski),100,P,0.0,0.544,0.456,0.636,P
"Åadnie wykonany, prosta obsÅ‚uga, funkcjonalny.",Apple,iPhone12â€ŒPro256GB(niebieski),100,P,0.0,1.0,0.0,0.0,P
TrochÄ™ czasami nie Å‚apie bocznych przyciskÃ³w,Apple,iPhone12â€ŒPro256GB(niebieski),100,P,0.0,1.0,0.0,0.0,P
tu nie ma co oceniaÄ‡ :-) jakoÅ›Ä‡ sama w sobie,Apple,iPhone12â€ŒPro256GB(niebieski),100,P,0.0,0.796,0.204,0.3182,P
"WspaniaÅ‚y produkt, speÅ‚niÅ‚ moje oczekiwania.",Apple,iPhone12â€ŒPro256GB(niebieski),100,P,0.0,1.0,0.0,0.0,P
"Tele Kosmos , wielki minus za brak Å‚adowarki",Apple,iPhone12â€ŒPro256GB(niebieski),100,P,0.0,1.0,0.0,0.0,P
"To iPhone, jedni kochajÄ… inni sÄ… w bÅ‚Ä™dzie ğŸ˜€",Apple,iPhone12â€ŒPro256GB(niebieski),100,P,0.0,0.783,0.217,0.3612,P
dobry produkt troche drogi ale mysle ze warto,Apple,iPhone12â€ŒPro256GB(niebieski),100,P,0.0,1.0,0.0,0.0,P
Idealny dla mÅ‚odej damy. CÃ³rka szczÄ™Å›liwa :),Apple,iPhone12â€ŒPro256GB(niebieski),100,P,0.0,0.667,0.333,0.4588,P
PiÄ™kny telefon w klimacie pierwszych iPhone,Apple,iPhone12â€ŒPro256GB(niebieski),100,P,0.0,1.0,0.0,0.0,P
"Super sprzÄ™t,  szybka realizacja zamÃ³wienia",Apple,iPhone12â€ŒPro256GB(niebieski),100,P,0.0,0.506,0.494,0.5994,P
Pierwszy iphone i nie ostatni ! Rewelacja ;),Apple,iPhone12â€ŒPro256GB(niebieski),100,P,0.0,0.762,0.238,0.2942,P
"WyglÄ…d, funkcjonalnoÅ›Ä‡ - resztÄ™ zobaczymy ;)",Apple,iPhone12â€ŒPro256GB(niebieski),100,P,0.0,0.725,0.275,0.2263,P
Rewelacyjna jakoÅ›Ä‡ jak na Apple przystaÅ‚o.,Apple,iPhone12â€ŒPro256GB(niebieski),100,P,0.0,1.0,0.0,0.0,P
Dla mnie posiada wszystko czego oczekiwaÅ‚am,Apple,iPhone12â€ŒPro256GB(niebieski),100,P,0.0,1.0,0.0,0.0,P
Najlepszy telefon jaki do tej pory miaÅ‚am.,Apple,iPhone12â€ŒPro256GB(niebieski),100,P,0.0,1.0,0.0,0.0,P
JakoÅ›Ä‡ wykonania super system super aparat,Apple,iPhone12â€ŒPro256GB(niebieski),100,P,0.0,0.339,0.661,0.8316,P
"Zawsze wybieram IPhoney, Å›wietne telefony.",Apple,iPhone12â€ŒPro256GB(niebieski),100,P,0.0,1.0,0.0,0.0,P
"Telefon, ktÃ³ry wciÄ…Å¼ gdzieÅ› jest na mojej wishliÅ›cie",Apple,iPhone12â€ŒPro256GB(niebieski),100,P,0.0,1.0,0.0,0.0,P
Super telefon. Tylko dlaczego taki drogi !,Apple,iPhone12â€ŒPro256GB(niebieski),100,P,0.0,0.589,0.411,0.636,P
WyglÄ…d i jakoÅ› jak zawsze w iphonach super,Apple,iPhone12â€ŒPro256GB(niebieski),100,P,0.0,0.642,0.358,0.5994,P
"Lekki i porÄ™czny, soft dziaÅ‚a bez zarzutu",Apple,iPhone12â€ŒPro256GB(niebieski),100,P,0.0,1.0,0.0,0.0,P
ZmieniÅ‚am z X i rÃ³Å¼nica jest kolosalna ğŸ‘,Apple,iPhone12â€ŒPro256GB(niebieski),100,P,0.0,1.0,0.0,0.0,P
Wszystko co powinien mieÄ‡ telefon. Super.,Apple,iPhone12â€ŒPro256GB(niebieski),100,P,0.0,0.562,0.438,0.5994,P
"Åšwietny telefon, cÃ³rka bardzo zadowolona.",Apple,iPhone12â€ŒPro256GB(niebieski),100,P,0.0,1.0,0.0,0.0,P
"Na razie, to dopiero poczÄ…tek uzytkowania",Apple,iPhone12â€ŒPro256GB(niebieski),100,P,0.0,1.0,0.0,0.0,P
Bateria dalej sÅ‚aba ale jest duÅ¼o lepiej,Apple,iPhone12â€ŒPro256GB(niebieski),100,P,0.0,1.0,0.0,0.0,P
Super sprzÄ™t maÅ‚y porÄ™czny bardzo wydajny,Apple,iPhone12â€ŒPro256GB(niebieski),100,P,0.0,0.562,0.438,0.5994,P
"Telefon cudo , zdjÄ™cia robi przepiÄ™kne ;)",Apple,iPhone12â€ŒPro256GB(niebieski),100,P,0.0,0.759,0.241,0.2263,P
"Wzorowe wykonanie, idealnie leÅ¼y w dÅ‚oni",Apple,iPhone12â€ŒPro256GB(niebieski),100,P,0.0,1.0,0.0,0.0,P
Produkt w peÅ‚ni speÅ‚nia moje oczekiwania.,Apple,iPhone12â€ŒPro256GB(niebieski),100,P,0.0,1.0,0.0,0.0,P
Jest piÄ™kny wizualnie i godny swojej ceny,Apple,iPhone12â€ŒPro256GB(niebieski),100,P,0.0,1.0,0.0,0.0,P
"Åšwietny telefon, choÄ‡ cena nieco zawyÅ¼ona",Apple,iPhone12â€ŒPro256GB(niebieski),100,P,0.0,1.0,0.0,0.0,P
"Co tutaj pisaÄ‡, pierwsza liga po prostu.",Apple,iPhone12â€ŒPro256GB(niebieski),100,P,0.375,0.625,0.0,-0.5574,N
Daje radÄ™ :) i tak bÄ™dzie przez kilka lat,Apple,iPhone12â€ŒPro256GB(niebieski),100,P,0.0,0.727,0.273,0.4588,P
"Polecam, Å›wietne zdjÄ™cia w trybie nocnym",Apple,iPhone12â€ŒPro256GB(niebieski),100,P,0.0,1.0,0.0,0.0,P
Super telefon ale ostrzegam ... ciÄ™Å¼ki ğŸ˜œ,Apple,iPhone12â€ŒPro256GB(niebieski),100,P,0.0,0.698,0.302,0.5994,P
Idealny nastÄ™pca 5 oraz SE jeÅ›li chodzi o wymiary,Apple,iPhone12â€ŒPro256GB(niebieski),100,P,0.0,1.0,0.0,0.0,P
"Bardzo fajny, szybki, malutki smartfon.",Apple,iPhone12â€ŒPro256GB(niebieski),100,P,0.0,1.0,0.0,0.0,P
"MÃ³j pierwszy iPhone, peÅ‚ne zadowolenie.",Apple,iPhone12â€ŒPro256GB(niebieski),100,P,0.0,1.0,0.0,0.0,P
Pierwszy taki telefon. Zadowolony w 100%,Apple,iPhone12â€ŒPro256GB(niebieski),100,P,0.0,1.0,0.0,0.0,P
"JakoÅ›Ä‡ wykonania 5+
Design 5+
Aparat 5+",Apple,iPhone12â€ŒPro256GB(niebieski),100,P,0.0,1.0,0.0,0.0,P
Telefon speÅ‚niÅ‚ oczekiwania mojej cÃ³rki.,Apple,iPhone12â€ŒPro256GB(niebieski),100,P,0.0,1.0,0.0,0.0,P
NajwyÅ¼szy poziom wykonania i materiaÅ‚Ã³w.,Apple,iPhone12â€ŒPro256GB(niebieski),100,P,0.0,1.0,0.0,0.0,P
Najlepszy telefon jaki dotychczas miaÅ‚em,Apple,iPhone12â€ŒPro256GB(niebieski),100,P,0.0,1.0,0.0,0.0,P
"wÅ‚aÅ›ciwa wielkoÅ›Ä‡, trochÄ™ sÅ‚aba bateria.",Apple,iPhone12â€ŒPro256GB(niebieski),100,P,0.0,1.0,0.0,0.0,P
"Telefon w sam raz, lubiÄ™ maÅ‚e telefony.",Apple,iPhone12â€ŒPro256GB(niebieski),100,P,0.0,1.0,0.0,0.0,P
Wydajny telefon za dobrÄ… cenÄ™. Polecam!,Apple,iPhone12â€ŒPro256GB(niebieski),100,P,0.0,1.0,0.0,0.0,P
DoskonaÅ‚y telefon dla mniejszych dÅ‚oni,Apple,iPhone12â€ŒPro256GB(niebieski),100,P,0.0,1.0,0.0,0.0,P
Produkt speÅ‚nia moje oczekiwania w 100%,Apple,iPhone12â€ŒPro256GB(niebieski),100,P,0.0,1.0,0.0,0.0,P
genialnu produkt w fantastycznej cenie.,Apple,iPhone12â€ŒPro256GB(niebieski),100,P,0.0,1.0,0.0,0.0,P
mam go dopiero 1 dzieÅ„ ale jest Å›wietny,Apple,iPhone12â€ŒPro256GB(niebieski),100,P,0.0,1.0,0.0,0.0,P
Jest po prostu piÄ™kny!!! i najlepszy!!!,Apple,iPhone12â€ŒPro256GB(niebieski),100,P,0.488,0.512,0.0,-0.6973,N
Jeden z lepszych telefonÃ³w jaki miaÅ‚em,Apple,iPhone12â€ŒPro256GB(niebieski),100,P,0.0,1.0,0.0,0.0,P
Solidny choÄ‡ brak adaptera do Å‚adowania,Apple,iPhone12â€ŒPro256GB(niebieski),100,P,0.0,1.0,0.0,0.0,P
DziÄ™ki! Jestem szczÄ™Å›liwy i zadowolony!,Apple,iPhone12â€ŒPro256GB(niebieski),100,P,0.0,1.0,0.0,0.0,P
Telefon super jestem bardzo zadowolona,Apple,iPhone12â€ŒPro256GB(niebieski),100,P,0.0,0.506,0.494,0.5994,P
"Zgrabny, Å›liczny, intuicyjna obsÅ‚uga!",Apple,iPhone12â€ŒPro256GB(niebieski),100,P,0.0,1.0,0.0,0.0,P
Z telefonu jubilatka bardzo zadowolona,Apple,iPhone12â€ŒPro256GB(niebieski),100,P,0.0,1.0,0.0,0.0,P
"super wszystko, nowe, idealne, polecam",Apple,iPhone12â€ŒPro256GB(niebieski),100,P,0.0,0.506,0.494,0.5994,P
Jestem zadowolona z telefonu. Polecam,Apple,iPhone12â€ŒPro256GB(niebieski),100,P,0.0,1.0,0.0,0.0,P
Najlepszy telefon jaki miaÅ‚em. Polecam,Apple,iPhone12â€ŒPro256GB(niebieski),100,P,0.0,1.0,0.0,0.0,P
"super sprzÄ™t, cÃ³rka szaleje z radoÅ›ci.",Apple,iPhone12â€ŒPro256GB(niebieski),100,P,0.0,0.562,0.438,0.5994,P
Super telefon!!!  Jak zawsze od Apple.,Apple,iPhone12â€ŒPro256GB(niebieski),100,P,0.0,0.511,0.489,0.6981,P
Produkt w najwyÅ¼szej dostepnej klasie!,Apple,iPhone12â€ŒPro256GB(niebieski),100,P,0.0,1.0,0.0,0.0,P
"Bardzo funkcjonalny, zgrabny smartfon",Apple,iPhone12â€ŒPro256GB(niebieski),100,P,0.0,1.0,0.0,0.0,P
Super! Bardzo szybka dostawa. Polecam,Apple,iPhone12â€ŒPro256GB(niebieski),100,P,0.0,0.488,0.512,0.636,P
Lekki w porÃ³wnaniu z innymi modelami,Apple,iPhone12â€ŒPro256GB(niebieski),100,P,0.0,1.0,0.0,0.0,P
Produkt najlepszy w swojej kategorii.,Apple,iPhone12â€ŒPro256GB(niebieski),100,P,0.0,1.0,0.0,0.0,P
NajÅ‚adniejszy i najlepszy iPhone ever,Apple,iPhone12â€ŒPro256GB(niebieski),100,P,0.0,1.0,0.0,0.0,P
"Telefon speÅ‚niÅ‚ oczekiwania, polecam.",Apple,iPhone12â€ŒPro256GB(niebieski),100,P,0.0,1.0,0.0,0.0,P
"Jest fantastyczny , Å‚atwy w obsÅ‚udze",Apple,iPhone12â€ŒPro256GB(niebieski),100,P,0.0,1.0,0.0,0.0,P
Najlepszy jaki miaÅ‚am uwielbiam gooo,Apple,iPhone12â€ŒPro256GB(niebieski),100,P,0.0,1.0,0.0,0.0,P
"WyglÄ…d, funkcjonalnoÅ›c bardzo dobra.",Apple,iPhone12â€ŒPro256GB(niebieski),100,P,0.0,1.0,0.0,0.0,P
Åšwietny telefon za takÄ… cenÄ™ polecam,Apple,iPhone12â€ŒPro256GB(niebieski),100,P,0.0,1.0,0.0,0.0,P
"zgrabny, elegancki, super wykonanie",Apple,iPhone12â€ŒPro256GB(niebieski),100,P,0.0,0.435,0.565,0.5994,P
"Telefon super, przesyÅ‚ka bez zarzutu",Apple,iPhone12â€ŒPro256GB(niebieski),100,P,0.0,0.506,0.494,0.5994,P
Czytelny i bardzo wydajna bateria :),Apple,iPhone12â€ŒPro256GB(niebieski),100,P,0.0,0.625,0.375,0.4588,P
jestem bardzo zadowolony z telefonu.,Apple,iPhone12â€ŒPro256GB(niebieski),100,P,0.0,1.0,0.0,0.0,P
Co tu duÅ¼o pisaÄ‡ klasa sama w sobie.,Apple,iPhone12â€ŒPro256GB(niebieski),100,P,0.0,1.0,0.0,0.0,P
Jest przepiÄ™kny...prawdziwie kobiecy,Apple,iPhone12â€ŒPro256GB(niebieski),100,P,0.0,1.0,0.0,0.0,P
"Bez zarzutu, kto zna Iphona ten wie",Apple,iPhone12â€ŒPro256GB(niebieski),100,P,0.0,1.0,0.0,0.0,P
Jeden z najbardziej udanych modeli,Apple,iPhone12â€ŒPro256GB(niebieski),100,P,0.0,1.0,0.0,0.0,P
Super smartfon. Serdecznie polecam.,Apple,iPhone12â€ŒPro256GB(niebieski),100,P,0.0,0.435,0.565,0.5994,P
Wszystko w jak najlepszym porzÄ…dku,Apple,iPhone12â€ŒPro256GB(niebieski),100,P,0.0,1.0,0.0,0.0,P
Najlepszy stosunek ceny do jakoÅ›ci.,Apple,iPhone12â€ŒPro256GB(niebieski),100,P,0.0,1.0,0.0,0.0,P
"Tak jak powinno byÄ‡, bez zarzutÃ³w.",Apple,iPhone12â€ŒPro256GB(niebieski),100,P,0.0,1.0,0.0,0.0,P
"Nic dodaÄ‡, nic ujÄ…Ä‡ - majstersztyk",Apple,iPhone12â€ŒPro256GB(niebieski),100,P,0.0,1.0,0.0,0.0,P
iPhone zawsze bÄ™dzie numerem jeden,Apple,iPhone12â€ŒPro256GB(niebieski),100,P,0.0,1.0,0.0,0.0,P
Ok. Bardzo fajny porÄ™czny telefon.,Apple,iPhone12â€ŒPro256GB(niebieski),100,P,0.0,1.0,0.0,0.0,P
Robi Najlepsze zdjÄ™cia na Å›wiecie,Apple,iPhone12â€ŒPro256GB(niebieski),100,P,0.0,1.0,0.0,0.0,P
Polecam! Produkt zgodny z opisem.,Apple,iPhone12â€ŒPro256GB(niebieski),100,P,0.0,1.0,0.0,0.0,P
Brak Å‚adowarki powinien byÄ‡ karany,Apple,iPhone12â€ŒPro256GB(niebieski),100,P,0.0,1.0,0.0,0.0,P
Mam zÅ‚oty ale biaÅ‚y i czarny cudo,Apple,iPhone12â€ŒPro256GB(niebieski),100,P,0.0,1.0,0.0,0.0,P
speÅ‚nia moje wszystkie oczekiwania,Apple,iPhone12â€ŒPro256GB(niebieski),100,P,0.0,1.0,0.0,0.0,P
Polecam kaÅ¼demu miÅ‚oÅ›nikowi iphone,Apple,iPhone12â€ŒPro256GB(niebieski),100,P,0.0,1.0,0.0,0.0,P
Robi to do czego zostaÅ‚ stworzony,Apple,iPhone12â€ŒPro256GB(niebieski),100,P,0.0,1.0,0.0,0.0,P
Produkt speÅ‚niÅ‚ moje oczekiwania,Apple,iPhone12â€ŒPro256GB(niebieski),100,P,0.0,1.0,0.0,0.0,P
Rewelacja Przesiadka z 7 na 12 ğŸ‘,Apple,iPhone12â€ŒPro256GB(niebieski),100,P,0.0,1.0,0.0,0.0,P
"Super telefon, polecam wszystkim!",Apple,iPhone12â€ŒPro256GB(niebieski),100,P,0.0,0.417,0.583,0.636,P
"Jak to iphone, co tu wiÄ™cej mÃ³wiÄ‡",Apple,iPhone12â€ŒPro256GB(niebieski),100,P,0.0,1.0,0.0,0.0,P
Najlepsza forma i super wydajnoÅ›Ä‡,Apple,iPhone12â€ŒPro256GB(niebieski),100,P,0.0,0.506,0.494,0.5994,P
"Super telefon , znakomity aparat",Apple,iPhone12â€ŒPro256GB(niebieski),100,P,0.0,0.506,0.494,0.5994,P
"jeszcze nie wiem , bo to prezent.",Apple,iPhone12â€ŒPro256GB(niebieski),100,P,0.0,1.0,0.0,0.0,P
Bardzo dobry i elegancki telefon,Apple,iPhone12â€ŒPro256GB(niebieski),100,P,0.0,1.0,0.0,0.0,P
Vaillant Mag Mini 114/1 10022615,Apple,iPhone12â€ŒPro256GB(niebieski),100,P,0.0,1.0,0.0,0.0,P
Jak kaÅ¼dy iPhone jest znakomity,Apple,iPhone12â€ŒPro256GB(niebieski),100,P,0.0,1.0,0.0,0.0,P
Telefon super. CÃ³rka zachwycona,Apple,iPhone12â€ŒPro256GB(niebieski),100,P,0.0,0.435,0.565,0.5994,P
Mega zadowolona jestem z zakupu.,Apple,iPhone12â€ŒPro256GB(niebieski),100,P,0.0,1.0,0.0,0.0,P
JakoÅ›ci wykonania bardzo dobra.,Apple,iPhone12â€ŒPro256GB(niebieski),100,P,0.0,1.0,0.0,0.0,P
Super wszystko sprawnie i szybko,Apple,iPhone12â€ŒPro256GB(niebieski),100,P,0.0,0.506,0.494,0.5994,P
Wszystko zgodnie z oczekiwaniami,Apple,iPhone12â€ŒPro256GB(niebieski),100,P,0.0,1.0,0.0,0.0,P
Bardzo dobry speÅ‚nia oczekiwania,Apple,iPhone12â€ŒPro256GB(niebieski),100,P,0.0,1.0,0.0,0.0,P
Super. Tylko bateria mogÅ‚a by trzymaÄ‡ trochÄ™ dÅ‚uÅ¼ej,Apple,iPhone12â€ŒPro256GB(niebieski),100,P,0.0,0.642,0.358,0.5994,P
Produkt zgodny ze specyfikacjÄ….,Apple,iPhone12â€ŒPro256GB(niebieski),100,P,0.0,1.0,0.0,0.0,P
Zgodnie z zamÃ³wieniem. Polecam.,Apple,iPhone12â€ŒPro256GB(niebieski),100,P,0.0,1.0,0.0,0.0,P
"To iPhone, to nie moÅ¼e byÄ‡ zÅ‚e)",Apple,iPhone12â€ŒPro256GB(niebieski),100,P,0.0,1.0,0.0,0.0,P
DokÅ‚adnie to czego oczekiwaÅ‚am.,Apple,iPhone12â€ŒPro256GB(niebieski),100,P,0.0,1.0,0.0,0.0,P
SpeÅ‚niÅ‚ wszystkie oczekiwania.,Apple,iPhone12â€ŒPro256GB(niebieski),100,P,0.0,1.0,0.0,0.0,P
Zgodny z opisem / oczekiwaniami,Apple,iPhone12â€ŒPro256GB(niebieski),100,P,0.0,1.0,0.0,0.0,P
Jak narazie to telefon super...,Apple,iPhone12â€ŒPro256GB(niebieski),100,P,0.0,0.506,0.494,0.5994,P
Super. CÃ³rka bardzo zadowolona,Apple,iPhone12â€ŒPro256GB(niebieski),100,P,0.0,0.435,0.565,0.5994,P
wszystko zgodne z oczekiwaniami,Apple,iPhone12â€ŒPro256GB(niebieski),100,P,0.0,1.0,0.0,0.0,P
"Åšwietny wyglÄ…d, funkcje, aparat",Apple,iPhone12â€ŒPro256GB(niebieski),100,P,0.0,1.0,0.0,0.0,P
ZakochaÅ‚am sie w tym telefonie,Apple,iPhone12â€ŒPro256GB(niebieski),100,P,0.0,1.0,0.0,0.0,P
"MaÅ‚y, intuicyjny , nowoczesny",Apple,iPhone12â€ŒPro256GB(niebieski),100,P,0.0,1.0,0.0,0.0,P
Bardzo fajny telefon. Polecam,Apple,iPhone12â€ŒPro256GB(niebieski),100,P,0.0,1.0,0.0,0.0,P
SpeÅ‚nia wszystkie oczekiwania,Apple,iPhone12â€ŒPro256GB(niebieski),100,P,0.0,1.0,0.0,0.0,P
Na razie dziaÅ‚a bez zarzutÃ³w.,Apple,iPhone12â€ŒPro256GB(niebieski),100,P,0.0,1.0,0.0,0.0,P
Idealny zamiennik iPhone 6s :),Apple,iPhone12â€ŒPro256GB(niebieski),100,P,0.0,0.571,0.429,0.4588,P
Super idealnie pasuje do rÄ™ki,Apple,iPhone12â€ŒPro256GB(niebieski),100,P,0.0,0.506,0.494,0.5994,P
Bardzo Å‚adny i dobry telefon.,Apple,iPhone12â€ŒPro256GB(niebieski),100,P,0.0,1.0,0.0,0.0,P
Wszystko super oprÃ³cz ceny...,Apple,iPhone12â€ŒPro256GB(niebieski),100,P,0.0,0.435,0.565,0.5994,P
Odpukac sprawuje siÄ™ b.dobrze,Apple,iPhone12â€ŒPro256GB(niebieski),100,P,0.0,1.0,0.0,0.0,P
Jestem zadowolony z produktu.,Apple,iPhone12â€ŒPro256GB(niebieski),100,P,0.0,1.0,0.0,0.0,P
dobrze siÄ™ sprawuje polecam:),Apple,iPhone12â€ŒPro256GB(niebieski),100,P,0.0,1.0,0.0,0.0,P
Bardzo dobrej jakoÅ›ci telefon,Apple,iPhone12â€ŒPro256GB(niebieski),100,P,0.0,1.0,0.0,0.0,P
"smartfon super, zakup udany.",Apple,iPhone12â€ŒPro256GB(niebieski),100,P,0.0,0.435,0.565,0.5994,P
Transakcja przebiegÅ‚a wzorowo,Apple,iPhone12â€ŒPro256GB(niebieski),100,P,0.0,1.0,0.0,0.0,P
"rewelacja, najlepszy na rynku",Apple,iPhone12â€ŒPro256GB(niebieski),100,P,0.0,1.0,0.0,0.0,P
Lepszego iPhona nie miaÅ‚em ğŸ™‚,Apple,iPhone12â€ŒPro256GB(niebieski),100,P,0.0,0.689,0.311,0.4033,P
DuÅ¼y i speÅ‚nia oczekiwania ğŸ˜œ,Apple,iPhone12â€ŒPro256GB(niebieski),100,P,0.0,1.0,0.0,0.0,P
"Produkt OK, zgodny z opisem.",Apple,iPhone12â€ŒPro256GB(niebieski),100,P,0.0,1.0,0.0,0.0,P
Produkt najwyÅ¼szej jakoÅ›ci.,Apple,iPhone12â€ŒPro256GB(niebieski),100,P,0.0,1.0,0.0,0.0,P
Wszystko ok sprawnie szybko,Apple,iPhone12â€ŒPro256GB(niebieski),100,P,0.0,0.577,0.423,0.296,P
Kolor obÅ‚Ä™dny.A reszta super,Apple,iPhone12â€ŒPro256GB(niebieski),100,P,0.0,0.435,0.565,0.5994,P
Najlepszy iPhone do tej pory,Apple,iPhone12â€ŒPro256GB(niebieski),100,P,0.0,1.0,0.0,0.0,P
"Kup go, to siÄ™ przekonasz :)",Apple,iPhone12â€ŒPro256GB(niebieski),100,P,0.0,0.625,0.375,0.4588,P
Najlepszy z najmniejszych.,Apple,iPhone12â€ŒPro256GB(niebieski),100,P,0.0,1.0,0.0,0.0,P
bardzo zgrabny i efektowny.,Apple,iPhone12â€ŒPro256GB(niebieski),100,P,0.0,1.0,0.0,0.0,P
Wykonanie super same zalety,Apple,iPhone12â€ŒPro256GB(niebieski),100,P,0.0,0.435,0.565,0.5994,P
Bardzo dobrze siÄ™ sprawuje,Apple,iPhone12â€ŒPro256GB(niebieski),100,P,0.0,1.0,0.0,0.0,P
Jak zawsze IP i nic innego,Apple,iPhone12â€ŒPro256GB(niebieski),100,P,0.0,1.0,0.0,0.0,P
NajwyÅ¼sza jakoÅ›Ä‡ wykonania.,Apple,iPhone12â€ŒPro256GB(niebieski),100,P,0.0,1.0,0.0,0.0,P
Tego wÅ‚aÅ›nie oczekiwaÅ‚em .,Apple,iPhone12â€ŒPro256GB(niebieski),100,P,0.0,1.0,0.0,0.0,P
JakoÅ›Ä‡ sama w sobie polecam,Apple,iPhone12â€ŒPro256GB(niebieski),100,P,0.0,1.0,0.0,0.0,P
Super- jestem b. Zadowolony,Apple,iPhone12â€ŒPro256GB(niebieski),100,P,0.0,0.435,0.565,0.5994,P
"rewelacyjny telefon,polecam",Apple,iPhone12â€ŒPro256GB(niebieski),100,P,0.0,1.0,0.0,0.0,P
DokÅ‚adnie taki jak miaÅ‚ byÄ‡,Apple,iPhone12â€ŒPro256GB(niebieski),100,P,0.0,1.0,0.0,0.0,P
Å›wietny wyglÄ…d powrÃ³ciÅ‚! :),Apple,iPhone12â€ŒPro256GB(niebieski),100,P,0.0,0.477,0.523,0.5093,P
czekaÅ‚em na maÅ‚ego iphone'a,Apple,iPhone12â€ŒPro256GB(niebieski),100,P,0.0,1.0,0.0,0.0,P
Produkt nowy dobrej marki.,Apple,iPhone12â€ŒPro256GB(niebieski),100,P,0.0,1.0,0.0,0.0,P
Rewelacja ! Super rakieta.,Apple,iPhone12â€ŒPro256GB(niebieski),100,P,0.0,0.417,0.583,0.636,P
Zgodnie z oczekiwaniami :),Apple,iPhone12â€ŒPro256GB(niebieski),100,P,0.0,0.5,0.5,0.4588,P
Szybki i Å‚atwy w obsÅ‚udze,Apple,iPhone12â€ŒPro256GB(niebieski),100,P,0.0,1.0,0.0,0.0,P
"Polecam, maÅ‚y ale Å›wietny.",Apple,iPhone12â€ŒPro256GB(niebieski),100,P,0.0,1.0,0.0,0.0,P
Wszystko zgodnie z ofertÄ….,Apple,iPhone12â€ŒPro256GB(niebieski),100,P,0.0,1.0,0.0,0.0,P
"Polecam , Å›wietny telefon",Apple,iPhone12â€ŒPro256GB(niebieski),100,P,0.0,1.0,0.0,0.0,P
"wÅ‚aÅ›ciwy rozmiar, porÄ™czny",Apple,iPhone12â€ŒPro256GB(niebieski),100,P,0.0,1.0,0.0,0.0,P
Produkt najwyÅ¼szej klasy.,Apple,iPhone12â€ŒPro256GB(niebieski),100,P,0.0,1.0,0.0,0.0,P
"Åšwietny telefon, polecam.",Apple,iPhone12â€ŒPro256GB(niebieski),100,P,0.0,1.0,0.0,0.0,P
To co miaÅ‚o byÄ‡ to jest.,Apple,iPhone12â€ŒPro256GB(niebieski),100,P,0.0,1.0,0.0,0.0,P
SpeÅ‚nia moje oczekiwania,Apple,iPhone12â€ŒPro256GB(niebieski),100,P,0.0,1.0,0.0,0.0,P
Produkt zgodny z opisem.,Apple,iPhone12â€ŒPro256GB(niebieski),100,P,0.0,1.0,0.0,0.0,P
Wszystko zgodnie z opisem,Apple,iPhone12â€ŒPro256GB(niebieski),100,P,0.0,1.0,0.0,0.0,P
